<?xml version="1.0" encoding="UTF-8"?>
<kml xmlns="http://www.opengis.net/kml/2.2" xmlns:gx="http://www.google.com/kml/ext/2.2" xmlns:kml="http://www.opengis.net/kml/2.2" xmlns:atom="http://www.w3.org/2005/Atom">
<Document>
	<name>Geology.kml</name>
	<Style id="PolyStyle0038">
		<LabelStyle>
			<color>00000000</color>
			<scale>0</scale>
		</LabelStyle>
		<LineStyle>
			<color>006e6e6e</color>
			<width>0.7</width>
		</LineStyle>
		<PolyStyle>
			<color>ffb4b5fd</color>
		</PolyStyle>
	</Style>
	<Style id="PolyStyle05">
		<LabelStyle>
			<color>00000000</color>
			<scale>0</scale>
		</LabelStyle>
		<LineStyle>
			<color>006e6e6e</color>
			<width>0.7</width>
		</LineStyle>
		<PolyStyle>
			<color>fffed4bf</color>
		</PolyStyle>
	</Style>
	<Folder id="FeatureLayer0">
		<name>Geology_Clip</name>
		<open>1</open>
		<snippet></snippet>
		<Placemark id="ID_00000">
			<name>PENINSULAR GNEISSIC COMPLEX-II  (GNEISS DOMINATED)</name>
			<snippet></snippet>
			<description><![CDATA[<html xmlns:fo="http://www.w3.org/1999/XSL/Format" xmlns:msxsl="urn:schemas-microsoft-com:xslt">

<head>

<META http-equiv="Content-Type" content="text/html">

<meta http-equiv="content-type" content="text/html; charset=UTF-8">

</head>

<body style="margin:0px 0px 0px 0px;overflow:auto;background:#FFFFFF;">

<table style="font-family:Arial,Verdana,Times;font-size:12px;text-align:left;width:100%;border-collapse:collapse;padding:3px 3px 3px 3px">

<tr style="text-align:center;font-weight:bold;background:#9CBCE2">

<td>PENINSULAR GNEISSIC COMPLEX-II  (GNEISS DOMINATED)</td>

</tr>

<tr>

<td>

<table style="font-family:Arial,Verdana,Times;font-size:12px;text-align:left;width:100%;border-spacing:0px; padding:3px 3px 3px 3px">

<tr>

<td>OBJECTID_1</td>

<td>1</td>

</tr>

<tr bgcolor="#D4E4F3">

<td>INDEX_</td>

<td>PENINSULAR GNEISSIC COMPLEX-II  (GNEISS DOMINATED)</td>

</tr>

<tr>

<td>AGE_CODE</td>

<td>98</td>

</tr>

<tr bgcolor="#D4E4F3">

<td>AGE</td>

<td>ARCHAEAN- PALAEOPROTEROZOIC</td>

</tr>

<tr>

<td>SUPERGROUP</td>

<td>PENINSULAR GNEISSIC COMPLEX</td>

</tr>

<tr bgcolor="#D4E4F3">

<td>GROUP_</td>

<td>PENINSULAR GNEISSIC COMPLEX-II</td>

</tr>

<tr>

<td>GEOM_ID</td>

<td>987</td>

</tr>

<tr bgcolor="#D4E4F3">

<td>STRATIGRAP</td>

<td>987,PENINSULAR GNEISSIC COMPLEX-II  (GNEISS DOMINATED),ARCHAEAN- PALAEOPROTEROZOIC</td>

</tr>

</table>

</td>

</tr>

</table>

</body><script type="text/javascript">

				function changeImage(attElement, nameElement) {

				document.getElementById('imageAttachment').src = attElement;

				document.getElementById('imageName').innerHTML = nameElement;}

			</script></html>]]></description>
			<styleUrl>#PolyStyle0038</styleUrl>
			<MultiGeometry>
				<Polygon>
					<outerBoundaryIs>
						<LinearRing>
							<coordinates>
								77.37976774338671,12.78473218863962,0 77.379433135331,12.77695360152751,0 77.37968705531341,12.77385587684728,0 77.37995377804447,12.77078270186024,0 77.38118766048223,12.76491368212078,0 77.38220626051054,12.76022743274984,0 77.38293446495368,12.750029493966,0 77.38208600406591,12.74465032954913,0 77.3775717914051,12.74292806847563,0 77.37361571779121,12.74514345480662,0 77.37636837889761,12.73628115045477,0 77.38782863488365,12.70732693668884,0 77.39156786486512,12.68614889895258,0 77.40603450139116,12.6733160356066,0 77.40878514351959,12.66336268633893,0 77.41196558784168,12.64985356518991,0 77.4096927627109,12.64105980356715,0 77.77035318255338,12.64277887204736,0 77.76809567647433,13.11640377081744,0 77.62192525174902,13.1157070579344,0 77.60940254029504,13.0882010737206,0 77.60455635009555,13.0633669051586,0 77.6015537341176,13.04300558763782,0 77.59839720996331,13.03301110877572,0 77.59640117547394,13.02279622586519,0 77.59533652386153,13.01618065461355,0 77.59331541987081,13.00432140540858,0 77.59222996514086,13.00003079118812,0 77.59704330400535,12.99243054773166,0 77.59910087910237,12.98839942659231,0 77.60210890720037,12.98250587514605,0 77.60176955252291,12.97148921605452,0 77.60171926063543,12.97053849865284,0 77.60126614171912,12.96197291122093,0 77.59950692840209,12.95268953799183,0 77.59827890234953,12.94260737523024,0 77.5991305342468,12.93253223167721,0 77.5991259719861,12.93252460452692,0 77.5996390540991,12.92641630037201,0 77.59827091906772,12.91144256042588,0 77.59253944164197,12.90030300717808,0 77.58524852449989,12.8860048109733,0 77.57696756709959,12.87145150408372,0 77.5611339862445,12.85626631014213,0 77.55373760110945,12.85375695432003,0 77.54787543060667,12.85569014238621,0 77.54706731330594,12.86464669299056,0 77.54898714014445,12.87679471090723,0 77.54564544917821,12.89100505054267,0 77.55404035607762,12.89950992114598,0 77.55647243675361,12.91044438579979,0 77.54554435548766,12.91398951420479,0 77.54240613253705,12.92358593244489,0 77.54572559136301,12.9451538056037,0 77.54876293016514,12.96099361876054,0 77.55505006450892,12.97371567483856,0 77.56890634465213,12.99710830030784,0 77.57343317300257,13.02050539630704,0 77.57546309034939,13.03853813792477,0 77.58234153253574,13.05535360668364,0 77.59184670556107,13.07260375555893,0 77.59728924700119,13.09689836057095,0 77.60272816956945,13.11561555641282,0 77.30242694404831,13.11418418735042,0 77.30234676678992,13.11283605144268,0 77.3023525638198,13.11154517177232,0 77.30244499074377,13.11095126129175,0 77.30295975998501,13.10885342534533,0 77.30357238535737,13.10674599273341,0 77.30405749675612,13.10522509256401,0 77.30425590698457,13.1046030369007,0 77.30492169577968,13.10246896367181,0 77.30556076301883,13.10033512696458,0 77.30621819981013,13.09826218065518,0 77.30633667919443,13.09759826424852,0 77.30683855125818,13.09603257064668,0 77.30721422775446,13.09430229301648,0 77.30730133518853,13.09218211880977,0 77.30715712170388,13.09008145539491,0 77.30696929109996,13.08807712106233,0 77.30690372152958,13.0877288352176,0 77.30675672554253,13.08724173002184,0 77.30638187732183,13.08618974266255,0 77.30618065401404,13.08561590055342,0 77.30542717592351,13.08406143049069,0 77.30448196507069,13.08199408066235,0 77.3039679197837,13.08033280441543,0 77.30391199094566,13.08006292686264,0 77.30389199811725,13.07982761565199,0 77.30394249864747,13.0795131802891,0 77.30419523961865,13.07766757809628,0 77.30453222817982,13.07488227429758,0 77.30487171595701,13.07236659714079,0 77.3048911619976,13.07176584012149,0 77.30490082881028,13.07145933408106,0 77.3051753774418,13.07003509394445,0 77.30530969748463,13.06876130768825,0 77.30548585848561,13.06709068748529,0 77.30563279691609,13.06539793766473,0 77.30566827696947,13.06382874839807,0 77.30534084010776,13.06090229510488,0 77.30506402608398,13.0580366728542,0 77.30481258733107,13.05520759005827,0 77.30467738325467,13.05276968807073,0 77.30422648746247,13.05001591989884,0 77.30396393218979,13.04733401565232,0 77.30352591378994,13.0446168993505,0 77.30311451802066,13.04207113987127,0 77.30296920016849,13.0412389675044,0 77.30295479572732,13.03968247666501,0 77.30294527010818,13.038652986746,0 77.30300195527605,13.03666687357742,0 77.30297549812082,13.035159517198,0 77.30298585471348,13.03492654602331,0 77.30294605971295,13.03468176225357,0 77.30272535708963,13.03381348840179,0 77.30217278214826,13.0308767576563,0 77.30207618057131,13.03045090348644,0 77.30191195537247,13.02972692945428,0 77.30152581706284,13.02855370179196,0 77.30107736562798,13.02740554093299,0 77.30054560459604,13.02536336582671,0 77.30018597110575,13.02434923902621,0 77.29974054409087,13.02217146594046,0 77.29947510918902,13.02051914244453,0 77.29941896901028,13.01985776842133,0 77.29935262152634,13.01854807763175,0 77.29932754393104,13.01742317683818,0 77.29915490917176,13.01476372866318,0 77.29875855006708,13.01238085709093,0 77.29821378843565,13.00912735274517,0 77.29707294356155,13.00508292793484,0 77.29653262368168,13.00359575504012,0 77.29553034544915,13.00091988434525,0 77.29550217688399,13.00038442170376,0 77.29556440367435,13.00003149265933,0 77.29556322196515,13.00001809995541,0 77.29602416138601,12.99950942272176,0 77.29616355720248,12.99934325138997,0 77.29622153019949,12.99926218740006,0 77.29629505157544,12.99916947808902,0 77.29639188427808,12.99905738479055,0 77.29653512019968,12.99888350806748,0 77.29665481996403,12.99870408612475,0 77.29706285946344,12.99795442026033,0 77.29713980365909,12.99780798005429,0 77.29722041169271,12.99763465641433,0 77.29738422230406,12.99714414818396,0 77.29768103994809,12.99621902009176,0 77.29798564751968,12.9952899907405,0 77.29828260275997,12.99438020418313,0 77.29856407707058,12.99348973416397,0 77.29887625963175,12.99253378450658,0 77.29916908518521,12.99160102117025,0 77.29946225967558,12.9907066121205,0 77.29973272718365,12.98989679060446,0 77.30010061824896,12.98904007663828,0 77.30044992752221,12.98829092968271,0 77.30095092544491,12.98743687141456,0 77.30149127320374,12.98660548055852,0 77.30212139218855,12.98574644184487,0 77.3026738268357,12.98495330095415,0 77.30340591185342,12.98411637117363,0 77.30434800026006,12.98313182037725,0 77.30523934172231,12.98216306167603,0 77.30609562761117,12.98121378948485,0 77.30690892860423,12.98027256982328,0 77.30771428498633,12.97931991078531,0 77.30839489101146,12.97842205823144,0 77.30880369673326,12.97784258276903,0 77.30898988337646,12.97757866502343,0 77.30945557571431,12.97672107691619,0 77.3098325229526,12.97600236391798,0 77.30990532666954,12.97583294423504,0 77.30999296920021,12.97557517065763,0 77.3100956852677,12.97525397419162,0 77.31033885205642,12.9744597325307,0 77.31053007580243,12.97355088306682,0 77.31073730927943,12.97268024759541,0 77.31091703879036,12.97179834991397,0 77.31110850805129,12.9709163497098,0 77.31126461237204,12.97001931733769,0 77.31138510353975,12.96908040893379,0 77.31146660010359,12.96815719100164,0 77.3115638923598,12.9672491752093,0 77.31167669612267,12.96632567938667,0 77.31177028946735,12.96544071141977,0 77.31186782813779,12.96455954398783,0 77.31196953066939,12.9637051898427,0 77.31209133124997,12.96290819445767,0 77.31220220326912,12.96219951519549,0 77.31241707918491,12.96130963333297,0 77.31258908082145,12.96043931352352,0 77.31276111753158,12.95957282752403,0 77.3129527909386,12.95871383827307,0 77.31315253845895,12.95788162813466,0 77.31331780866998,12.95713027244415,0 77.31339388322118,12.95689178123075,0 77.31363069270236,12.95625869987913,0 77.3140142985211,12.95541718445554,0 77.31444454677847,12.95454073037047,0 77.31485529413658,12.95367212376954,0 77.31524693449848,12.952853549152,0 77.31568133582505,12.95200391015237,0 77.31595162077076,12.95118257821349,0 77.31629604582594,12.95033757521895,0 77.31664818976219,12.94948099345311,0 77.31707817092092,12.94857769190702,0 77.3175355112549,12.94767031103606,0 77.31799693630961,12.94678207133558,0 77.31845451766191,12.94590153702637,0 77.31882635765032,12.94506012412546,0 77.31924156024985,12.94425284499283,0 77.31972702238426,12.94342576278876,0 77.32025207537305,12.94264819096128,0 77.32082422585739,12.94188554248387,0 77.32154802991772,12.94101797819718,0 77.32219754997703,12.94015874522995,0 77.3229291700452,12.93929110899751,0 77.32356221272602,12.93834380092574,0 77.32411719785046,12.93742020168099,0 77.32462145311763,12.9365123963301,0 77.32518045191637,12.93560026703875,0 77.32571212661338,12.93469605178143,0 77.32619655722539,12.93376157253857,0 77.32658340689875,12.93285481399852,0 77.32704815944504,12.93190900239858,0 77.32746239437404,12.93100199924294,0 77.32780661977972,12.93014164661975,0 77.32812732971257,12.92927766972872,0 77.32849086895851,12.92839029607535,0 77.32876045423166,12.92749992498159,0 77.32902214525586,12.9266019519186,0 77.32928774833096,12.92570394647998,0 77.3295260282037,12.92481385417608,0 77.32979152066218,12.92390434191191,0 77.33000603684917,12.92298377608046,0 77.33019337642327,12.92208646851577,0 77.33038857427334,12.92119292551314,0 77.33059159892321,12.92029931326277,0 77.33081806350287,12.91940165496243,0 77.33107543688197,12.91846152977581,0 77.33130573976814,12.91755616698356,0 77.33151274481736,12.91667018997731,0 77.33173159303863,12.91579561367666,0 77.33191163101702,12.91495590589039,0 77.3320726402402,12.9141739040025,0 77.33233804636382,12.91325671962198,0 77.33252139204865,12.91235177681313,0 77.33272045518493,12.91145436312843,0 77.33295412962946,12.91049143473197,0 77.33318385515088,12.90952470580061,0 77.33340219705383,12.90859643547719,0 77.33345898474442,12.90838636913566,0 77.33365944902442,12.90764480166632,0 77.33386206808001,12.90670900131943,0 77.33406468443769,12.90577320007316,0 77.33422433388597,12.90484545495383,0 77.33442282145609,12.90388667513002,0 77.33464460776247,12.90290851041948,0 77.33480379136194,12.90193090508723,0 77.33498253521589,12.90095312438723,0 77.3351574029918,12.8999792143693,0 77.33535574667042,12.89900509570867,0 77.33556959556046,12.89801549342036,0 77.3357795656745,12.89702976271343,0 77.3359895366878,12.8960440320065,0 77.33614103288244,12.89508183835619,0 77.33629263519703,12.89413114883348,0 77.33644423931025,12.89318046200879,0 77.33662717310563,12.89223333020408,0 77.33674356156615,12.89128295724271,0 77.33693022934665,12.89031661232184,0 77.33711693399937,12.88935410390883,0 77.33730363685339,12.88839159549576,0 77.33749030283525,12.88742525147421,0 77.33770421197988,12.88644332220161,0 77.33784816286249,12.88551188086865,0 77.33799613191599,12.88459191038839,0 77.33814410186886,12.88367194170678,0 77.33826475311594,12.88275988705919,0 77.33843228062528,12.88183974300978,0 77.33862716011538,12.88091551873623,0 77.33877131964073,12.88000709105444,0 77.338970036538,12.87907516138961,0 77.33920769587854,12.87812370564455,0 77.33950019677673,12.87717942918738,0 77.33974546348242,12.87620489234195,0 77.33999844906924,12.87521877672521,0 77.34018496306567,12.87423709386684,0 77.34037158048409,12.87326691423675,0 77.34053084951915,12.87230081662943,0 77.34065089012654,12.87132356113347,0 77.34072793324759,12.87035052705522,0 77.34078602135787,12.86944286829379,0 77.34078155352591,12.86853960361987,0 77.34072629828012,12.86764446252198,0 77.34067506570176,12.86676079677341,0 77.34065466637981,12.86582698752551,0 77.3405831648812,12.86486678587352,0 77.3405432772505,12.8639408232105,0 77.34055012199059,12.8629914287115,0 77.34054128435287,12.86203833889829,0 77.34048603720089,12.86114319959904,0 77.34050042365567,12.86016305188338,0 77.34048728366128,12.85916780724858,0 77.34043904582535,12.85818438330267,0 77.3404220693231,12.85719684405916,0 77.34036632934266,12.85624800803919,0 77.34035500867674,12.85544836774801,0 77.34039304999931,12.85448718853297,0 77.34039158140644,12.85348416835973,0 77.34042571067806,12.85252302331889,0 77.34049120650405,12.85156926980602,0 77.34054123129283,12.8506348328313,0 77.34054051093591,12.84971235594054,0 77.34048918932467,12.84881717976907,0 77.34054305601728,12.84787503650381,0 77.34054194895185,12.84691036971782,0 77.3405880643877,12.84597596691736,0 77.34063016255203,12.84503009416358,0 77.34060992420871,12.84411162555114,0 77.34060604273475,12.843269726117,0 77.3406762339211,12.84240031462286,0 77.34069084430706,12.84144317965905,0 77.34066612823926,12.84046338088035,0 77.34068070445102,12.83950241030806,0 77.34067181285394,12.83854164927772,0 77.34067863780894,12.83758841917023,0 77.3406306310988,12.83662800707691,0 77.34056296161145,12.83565626172714,0 77.34051485057995,12.8346843428082,0 77.34052942948966,12.83372337313523,0 77.34057135678273,12.83275832233875,0 77.34064464523425,12.83180066217085,0 77.34070225400586,12.83083930848733,0 77.34073226977847,12.8298551866676,0 77.34075460444149,12.82888647473106,0 77.34076915007626,12.82792166855023,0 77.34076801962846,12.82695316705508,0 77.3407865825348,12.82599983262622,0 77.34077400101938,12.82506211672336,0 77.34080768332797,12.82405111057034,0 77.34076750971286,12.82309062832991,0 77.34073160338085,12.82216846260451,0 77.34071877635051,12.82120390103927,0 77.34068290779004,12.82028557092241,0 77.34059569783324,12.81931399734316,0 77.34044992492414,12.81835445399491,0 77.34027691874485,12.81741049409908,0 77.34011525751316,12.81642423998676,0 77.33996561572064,12.81546856462262,0 77.33984726314071,12.81451261136795,0 77.33974117821288,12.81361408342326,0 77.33960345243742,12.81267747908242,0 77.33948542451282,12.81175604270726,0 77.33935961115719,12.81083851118836,0 77.33923390302226,12.80993248649509,0 77.33915150713642,12.80905676086087,0 77.33902182309873,12.80814309642682,0 77.33884499390143,12.80720683922431,0 77.33867972189171,12.80625129875847,0 77.33851466571929,12.80531877104448,0 77.33832632250181,12.80440563001588,0 77.33810633933615,12.80345441079248,0 77.3379330408772,12.80247592682264,0 77.33774822659944,12.80152055992596,0 77.3375161628407,12.80053108803935,0 77.33727272175878,12.79958007566,0 77.33702156719164,12.79864063935406,0 77.33675096748323,12.79771287894624,0 77.33642973864158,12.79680858454861,0 77.33605393713952,12.79592394933087,0 77.33568194426636,12.79502777221398,0 77.33534134672584,12.79414282403218,0 77.33504828465067,12.79332266211122,0 77.33478935994106,12.79238712256767,0 77.33455834479184,12.79150887163718,0 77.33439293428654,12.79053414683347,0 77.33423601967661,12.78963222574669,0 77.33416063310676,12.78866437356203,0 77.33414771344627,12.78768446146876,0 77.33418567023256,12.78670793532302,0 77.3342394128187,12.78574661221643,0 77.33436354893871,12.78478466498035,0 77.33453845178815,12.78381459776551,0 77.3347575014576,12.78296688241574,0 77.33508964447157,12.78208364384511,0 77.33555059018767,12.78117241387582,0 77.33617169436826,12.78024058673373,0 77.33636483007291,12.77997804674953,0 77.33689478886345,12.7793423762497,0 77.33779447603428,12.77850972634286,0 77.33791507062409,12.77843961249818,0 77.33798912619727,12.77841210673341,0 77.33805162638151,12.77840388153396,0 77.33811814383733,12.7784071262879,0 77.33819639115057,12.77841026941843,0 77.33835308093001,12.77843764837883,0 77.33869781535196,12.77849979872678,0 77.33952069232612,12.77867086057182,0 77.33982641325844,12.77874294662973,0 77.34015969931073,12.7788358834693,0 77.34026979881224,12.77890011304981,0 77.34038775389178,12.77896810809176,0 77.34047040698374,12.77902491017153,0 77.3405373821945,12.77907801513834,0 77.3406082676575,12.77913108772958,0 77.3407069008029,12.77922418824573,0 77.34077423034648,12.77931564749917,0 77.34082968524183,12.77939186953921,0 77.34087347862817,12.779475865319,0 77.3410290514496,12.77980627354071,0 77.34121297000263,12.7802419114351,0 77.3412892522972,12.7804560328197,0 77.34133024969134,12.78066088039537,0 77.34140156772821,12.78160958331569,0 77.34141412136466,12.78254730191651,0 77.34134102986468,12.78352797213824,0 77.34130707955813,12.78451213083025,0 77.34122993571305,12.78547749459074,0 77.34114116363384,12.78645446859889,0 77.34113853761346,12.78744218590822,0 77.34118287508966,12.78843332064127,0 77.34132110898207,12.7894274582107,0 77.3414631146311,12.79040621737306,0 77.34164060123283,12.79141534754029,0 77.34182182451764,12.79240526459131,0 77.34204606957053,12.79339480032979,0 77.34225812431305,12.79433457837814,0 77.34253712548804,12.79532362578476,0 77.34278494716762,12.79632445610883,0 77.34299316899961,12.79727193774977,0 77.34324740284541,12.79811928257885,0 77.34365530025195,12.79908800350859,0 77.34399973879698,12.79996139270418,0 77.34442190304844,12.80078039090239,0 77.3450603101852,12.80172020492358,0 77.34515953958112,12.80187658353753,0 77.34540453828885,12.80214673628291,0 77.34577982358007,12.80254805694733,0 77.34661918153006,12.80322332999276,0 77.34672136160162,12.80327611749885,0 77.34679983194673,12.80330226798532,0 77.34687815929965,12.80331307873564,0 77.34697975661055,12.8033025818487,0 77.34708524708657,12.80329013523158,0 77.34720225877726,12.80325457154129,0 77.34736584455811,12.80318023448029,0 77.34764191034594,12.8030032505996,0 77.34793708762658,12.80277814849279,0 77.34807279981993,12.80265035932666,0 77.34818085156513,12.80249213350521,0 77.34837279476869,12.80210110108499,0 77.34875954641598,12.8012058565651,0 77.34902135884869,12.80033473905701,0 77.34918134284476,12.79944918743013,0 77.34925151514534,12.79857978043259,0 77.34930611838274,12.79771818224839,0 77.34939197216187,12.79685247146443,0 77.34946612935846,12.79599069971107,0 77.3495208360178,12.79514060925175,0 77.34956402685839,12.79431363676497,0 77.34950048525923,12.79336487089211,0 77.34942916452439,12.79242001167427,0 77.34935001788909,12.79147522170416,0 77.34925135686467,12.79053444360972,0 77.34918394638208,12.78958954841897,0 77.34915557457015,12.78863663397351,0 77.3491350250614,12.78768365028026,0 77.34910665504816,12.78673073493553,0 77.34912514241142,12.78576973018897,0 77.34912802383928,12.78481270224444,0 77.3492167986164,12.78383956744216,0 77.34934461026563,12.78285841158646,0 77.34946459961162,12.78187732497861,0 77.34955728464104,12.78090415330411,0 77.34970472039657,12.779930494197,0 77.34991863583645,12.77895624333598,0 77.35014037088149,12.77798192232791,0 77.35044433273981,12.7770183760972,0 77.35077954244201,12.7760507145689,0 77.35124369244249,12.77507039867999,0 77.35179803005508,12.77411612625826,0 77.35183062328468,12.77524974058309,0 77.35174135298109,12.77707212857592,0 77.35156641595739,12.77881200736829,0 77.35136330497261,12.78056601450999,0 77.35120251518401,12.78230576829662,0 77.35111253981194,12.78405183082737,0 77.35115699689794,12.78579669186388,0 77.35120481295183,12.78637570507476,0 77.35131813382486,12.78715190723477,0 77.3515940853988,12.7886795801985,0 77.35179266380044,12.79025652162125,0 77.35180562033315,12.79089135934879,0 77.35176162280072,12.79148854156301,0 77.35172952419822,12.79184273505422,0 77.35153902710448,12.79343008523028,0 77.35125661570032,12.79502519655563,0 77.35100250326298,12.79662005427213,0 77.35081927359067,12.79822815900241,0 77.35079871418935,12.79982787215863,0 77.35071460869227,12.80144203112491,0 77.35065166334363,12.80304906296391,0 77.35048940406278,12.80462922216094,0 77.35021412518176,12.80623121150126,0 77.35001648387367,12.80781168815895,0 77.34979774447038,12.80940623021343,0 77.34958620773733,12.8110145867538,0 77.34937467010502,12.81262294509287,0 77.34916319812316,12.81423824439952,0 77.34895879840985,12.81585347895492,0 77.34877556334163,12.81746158278588,0 77.34858531446076,12.81907669143624,0 77.34842356599484,12.82071236398446,0 77.34825473716643,12.82234809858591,0 77.3480718861087,12.8239978383296,0 77.34790318768205,12.82564745036962,0 77.34791087958348,12.82723997344607,0 77.34799641500263,12.82883179864865,0 77.34820971620547,12.83046411852428,0 77.34834582320121,12.83216652346636,0 77.34839000419538,12.83387668685964,0 77.34847645512434,12.83556565503102,0 77.34852064061511,12.8372758184243,0 77.34858593049637,12.8389719137229,0 77.34861603350322,12.84068914219023,0 77.34864614010735,12.8424063724562,0 77.3486691708456,12.84412366477534,0 77.34857118791007,12.84576570542299,0 77.34851874934088,12.8469770967157,0 77.34852871113117,12.84709098865824,0 77.3485457766663,12.84713970313481,0 77.34857381752772,12.84717745847297,0 77.34860180622843,12.84720978730189,0 77.34865184360774,12.84723105896626,0 77.3487129039774,12.84724680069934,0 77.3487627408079,12.84724635463562,0 77.34882918631797,12.84724576108306,0 77.34890102146505,12.84722882864759,0 77.34893958079709,12.84720676378117,0 77.34897254994326,12.84717932096896,0 77.34902696342368,12.84707567050583,0 77.349063959734,12.84688530111578,0 77.3492083036204,12.84573291704055,0 77.34939470070492,12.84433853619453,0 77.34948721666177,12.84297214314995,0 77.34957993676471,12.8416274678334,0 77.34961738633336,12.84029414825636,0 77.34969359578287,12.83896047884309,0 77.34978082912204,12.83762128309581,0 77.3498457125097,12.83626056837056,0 77.34985507625083,12.83488405975163,0 77.34990294806266,12.83348005885767,0 77.34992852028506,12.83205996819305,0 77.34989922936597,12.83069466512677,0 77.34979755831074,12.82928657231753,0 77.34968481390308,12.82787857753436,0 77.34964958925718,12.82646988937393,0 77.34965317395489,12.82506628508105,0 77.34967337092939,12.8236625315007,0 77.34974903628904,12.82226914080826,0 77.34985797206781,12.82088088074812,0 77.34992825228704,12.81950382713995,0 77.34999853250633,12.81812677263252,0 77.35013530320174,12.81675455647763,0 77.35030529305487,12.81538204174785,0 77.35048082003385,12.81400947755537,0 77.35059529203915,12.81262117073049,0 77.35074842050324,12.81122166105087,0 77.35087386603612,12.80982239688615,0 77.35097167810051,12.80842880834285,0 77.35110814662374,12.80702401514623,0 77.3511727422283,12.80563072517788,0 77.35120955417761,12.80422682320938,0 77.35129609593815,12.80281161766209,0 77.35142687894734,12.80198785215771,0 77.35151661599906,12.80151466756791,0 77.35181478982076,12.800233314416,0 77.3520520669494,12.7989525053539,0 77.35221711952448,12.79764519147244,0 77.35235972592068,12.79630550019874,0 77.35244138346314,12.79496092380765,0 77.35252862669483,12.79362172895969,0 77.3526380166312,12.79228233536156,0 77.35275294459279,12.79094288960272,0 77.35280697136471,12.78960399063169,0 77.35286658922178,12.78827047230448,0 77.35288735366851,12.78692643910392,0 77.35296342821971,12.78557648296834,0 77.35305611414839,12.78422637844466,0 77.35314879558052,12.78287627392098,0 77.35321923587907,12.78151551063235,0 77.35331735551159,12.7801544991309,0 77.35341547244616,12.7787934876294,0 77.35349698609707,12.77743262361673,0 77.3535229908934,12.77605596660965,0 77.35358221214943,12.77467901192693,0 77.35366865948112,12.77325294706588,0 77.35382681785342,12.77179909315367,0 77.35388548782504,12.77036241899049,0 77.35401058262232,12.76892515217406,0 77.35402184573167,12.76814342008282,0 77.35419610286789,12.76764947374426,0 77.35482489805065,12.76596610565133,0 77.35548019805276,12.76427598364978,0 77.3559889957956,12.76254807663247,0 77.35642508604894,12.76085991245503,0 77.35687463555604,12.75919117273446,0 77.35733758855895,12.75753534458056,0 77.35985419471535,12.7464337706021,0 77.36193917934969,12.74130445853399,0 77.36381645566496,12.74369696274471,0 77.36369971287149,12.75404842659367,0 77.36302449108746,12.76282028073143,0 77.36096998357795,12.78025925935736,0 77.3605457167115,12.78910484081581,0 77.3602422413864,12.79433657936971,0 77.36596406279131,12.78681486381498,0 77.36801631390182,12.786926249347,0 77.36844572489036,12.7761833501815,0 77.36887336781172,12.76580375733761,0 77.36969973235682,12.75857042198743,0 77.37098465761591,12.75002958209956,0 77.37289431132348,12.75002960368329,0 77.372295000414,12.75919130763282,0 77.37238616918643,12.78244027090182,0 77.37228545860711,12.78715790481351,0 77.37609844198954,12.78736474978342,0 77.37976774338671,12.78473218863962,0 77.38185667964211,12.79110652754429,0 77.3818122513344,12.79165497010086,0 77.38178353508215,12.79219664076243,0 77.38175707073231,12.79273829253822,0 77.38172136674774,12.79325571837677,0 77.38170128938305,12.79375753378321,0 77.38173582694691,12.79431631224804,0 77.38176047556556,12.79444729940337,0 77.38204962828775,12.79598378932047,0 77.38212986580072,12.79624952459591,0 77.38233276184752,12.7967395750714,0 77.38269601780701,12.79753703270796,0 77.3829100690445,12.7979726463206,0 77.38299883392909,12.7981091130452,0 77.38314040880289,12.79827942215763,0 77.38339369836052,12.79854594883653,0 77.38381713245474,12.79891960995207,0 77.38405878928177,12.79918910259505,0 77.38417639182705,12.79929098948764,0 77.38425258239084,12.79933033752508,0 77.38741895322215,12.79555247176921,0 77.38783220878946,12.79422464525123,0 77.38820094791549,12.79287291565259,0 77.38854221275295,12.79169548276036,0 77.38875859952981,12.79077960689341,0 77.38898619905387,12.78985995117586,0 77.38922494387612,12.78892915915344,0 77.38945983240541,12.78798737201964,0 77.38965344025411,12.78704227987737,0 77.38982822799039,12.78609000305124,0 77.39001058532034,12.7851450134317,0 77.39020412212261,12.78419256753301,0 77.39039411469668,12.78326221887636,0 77.3906252827307,12.78232414324464,0 77.39084898369367,12.78138981059135,0 77.39111768043665,12.78045506964583,0 77.39139766007401,12.77952390710266,0 77.39166208413792,12.77853404041366,0 77.39192296577232,12.77756627186602,0 77.39218016648158,12.77660589394691,0 77.39240785503853,12.77569726841426,0 77.39264297109628,12.77478122257543,0 77.39287808445607,12.77386517583727,0 77.39311681039254,12.77293438651276,0 77.39334438923225,12.77201473169458,0 77.39354933213605,12.77108056901312,0 77.39375812683613,12.7701574068389,0 77.39395921524562,12.7692122481468,0 77.3941265574947,12.76826739522414,0 77.39429393391799,12.76732621962935,0 77.39442760015368,12.76638902893058,0 77.3945614390592,12.76547022307238,0 77.39465389476152,12.76453708292007,0 77.39474277565864,12.76362236178261,0 77.39478305539376,12.76272279512096,0 77.3948981452333,12.76180416013392,0 77.39494588664343,12.76090084779594,0 77.39497863275773,12.75999767035626,0 77.39500002762924,12.75908356435508,0 77.3949987541892,12.75815127226343,0 77.39497102898986,12.75719715542442,0 77.39499401656064,12.75645220830285,0 77.39503464523273,12.7555894149196,0 77.39515685410561,12.75463026097782,0 77.39520387965536,12.75444778673602,0 77.39525470753875,12.75427079656004,0 77.39544280344268,12.7539380950671,0 77.39574295127625,12.75316121391893,0 77.39613527242494,12.75221799956108,0 77.3966135435802,12.75124458417025,0 77.39680715232828,12.75002871065652,0 77.39681131259204,12.74985769737486,0 77.39684426285248,12.74840975020987,0 77.39676676827179,12.7469799378739,0 77.39653856440327,12.74562001725002,0 77.39627133265594,12.74444319140019,0 77.39576963865795,12.74309716889928,0 77.39532275833869,12.74200762764997,0 77.39501371710941,12.74133657062629,0 77.39487191200919,12.74111513955211,0 77.3947243413553,12.74089947043427,0 77.39447681555265,12.74057905997569,0 77.39392996389677,12.74000152435093,0 77.39328436757955,12.73944772093563,0 77.39288031207678,12.73919725255121,0 77.39231868455971,12.73890537937979,0 77.39188031902154,12.73872089065662,0 77.39165259269305,12.73864871106923,0 77.39150687284399,12.73863004204287,0 77.39109938462894,12.73863372476666,0 77.39067491271709,12.7386889575294,0 77.39026256456577,12.73879547593054,0 77.39000138165852,12.73888064082894,0 77.38924267490955,12.73930151904989,0 77.3885609510271,12.73986161142426,0 77.38837600544832,12.74000604794082,0 77.38804160513604,12.74035456311265,0 77.38766237361972,12.74088908056666,0 77.38766005067083,12.7408931904684,0 77.38732152157104,12.74075493049571,0 77.3871870351536,12.74172998624994,0 77.38571323607704,12.74519063683846,0 77.38546835068388,12.74595141382673,0 77.38498622323567,12.7473120530089,0 77.38462618055382,12.74865445753721,0 77.38442589793692,12.75130838927078,0 77.38453629871128,12.75363353066297,0 77.38414806498128,12.75736547613587,0 77.38417515525924,12.75867237183252,0 77.38418027689829,12.76059944900544,0 77.38403776852823,12.76336989330599,0 77.38357589920844,12.76680832254613,0 77.38338743728048,12.76774317051098,0 77.383012201452,12.7692365487278,0 77.38261372714186,12.77073013738595,0 77.38226150766252,12.77220051544151,0 77.38183435936827,12.77430291454795,0 77.38164951091625,12.77756772517046,0 77.38173728474794,12.77887459208881,0 77.38178551628863,12.78030146993694,0 77.38185688109024,12.78171674203406,0 77.38189289084431,12.78257241998125,0 77.38205190267325,12.78454681498357,0 77.38196159005537,12.7869347011756,0 77.37976774338671,12.78473218863962,0 
							</coordinates>
						</LinearRing>
					</outerBoundaryIs>
					<innerBoundaryIs>
						<LinearRing>
							<coordinates>
								77.48779889230508,12.70735869804554,0 77.48697568707837,12.70744032231306,0 77.48662922505872,12.70754009310087,0 77.48651582504533,12.70757735381187,0 77.48643615680328,12.70760524808378,0 77.48634114612707,12.70763630167403,0 77.48616071334629,12.70773602389841,0 77.48531265895213,12.70842415455115,0 77.48461837423866,12.70911687714221,0 77.48399204589623,12.70984214170153,0 77.48345791784868,12.71056352478689,0 77.48293576067687,12.7112516158694,0 77.48236795391801,12.71198839444889,0 77.4818863453786,12.71273643074176,0 77.48141398726574,12.71348739522716,0 77.48098124338975,12.7142017950768,0 77.48062567843238,12.71494864876121,0 77.48027011257568,12.7156955042442,0 77.47991144225932,12.71643937217931,0 77.47958670426306,12.71719498705903,0 77.47929569713875,12.71794123729831,0 77.4790597698925,12.71865982619005,0 77.47883021973888,12.71940248453706,0 77.47856603129736,12.72006101040733,0 77.47833613040814,12.72076747643791,0 77.47813714821086,12.72149175264229,0 77.47791923798252,12.72246900813826,0 77.47764965990393,12.72344106735142,0 77.47741155270103,12.72441668698059,0 77.47710275249011,12.72539682390436,0 77.47678964542587,12.72633845095879,0 77.47653203732369,12.72732967472479,0 77.47627427723614,12.72830547781558,0 77.47601206280649,12.72922735395929,0 77.47581713745097,12.73019871619783,0 77.47564593621104,12.73118527428102,0 77.47547843927862,12.73214867032493,0 77.47532321899143,12.73316206687593,0 77.47515572115964,12.73412546291985,0 77.47499608340257,12.73508878342068,0 77.47483266399632,12.73606756236813,0 77.47466508882286,12.73702324762485,0 77.47452902769254,12.73798634779178,0 77.47446777756596,12.73896417165923,0 77.47437078838124,12.73990377703774,0 77.47429741269548,12.74084701657659,0 77.47427106705618,12.74198814293851,0 77.47421999095985,12.74313087728819,0 77.47421709784084,12.74431068708861,0 77.47425237284881,12.74548075902987,0 77.47428286436275,12.74665087503791,0 77.47441364467403,12.74780597956237,0 77.47449553244292,12.74835874875731,0 77.47455854524071,12.74893749576887,0 77.47454670476668,12.7491956101893,0 77.4745248008789,12.74940221773818,0 77.47448841161099,12.74959489029203,0 77.47439676619786,12.75001088879151,0 77.47471800583133,12.7512812180538,0 77.47469470259853,12.7526956438889,0 77.47472132432972,12.75416411088509,0 77.47473571707974,12.75564480776171,0 77.47476257713129,12.75713750159446,0 77.47468506546346,12.75869173693417,0 77.47474256811506,12.76015991524793,0 77.47479413164393,12.76165237615629,0 77.47490132723453,12.76315037239181,0 77.47499029356726,12.76467882057113,0 77.47507309234936,12.7662073263071,0 77.4751199955914,12.7665854219797,0 77.47516551657537,12.76682120173712,0 77.47522938552777,12.76703863892209,0 77.47543933315876,12.7676726097032,0 77.47579763655176,12.76895626781754,0 77.47620463463625,12.7701667894658,0 77.4766719673375,12.77123138532022,0 77.47687306563955,12.77158986408102,0 77.47705537890266,12.77192126245637,0 77.47724968282665,12.77221620951053,0 77.47749967816765,12.77252274612789,0 77.4781979109049,12.77320057954319,0 77.47867781972565,12.77365333873064,0 77.47880849121896,12.77375507453712,0 77.47896997708284,12.77385046112994,0 77.4793110620559,12.77399866850379,0 77.48017288956726,12.77435396186587,0 77.48050741578464,12.77446286347043,0 77.48081703527799,12.77455079918008,0 77.48147249895669,12.77464153987523,0 77.48207806105376,12.77468126742662,0 77.48244836410078,12.7746596135504,0 77.48288611720062,12.77458887287821,0 77.48357593767946,12.77440371326082,0 77.484160872926,12.77422862245299,0 77.48463433900361,12.77402127116477,0 77.48489860658549,12.77389159612034,0 77.48525460591537,12.77367020821356,0 77.48557878093607,12.77335221423334,0 77.48706015859949,12.77202096489566,0 77.48856574241512,12.77064102716173,0 77.4890479292186,12.77006413994815,0 77.4894198942128,12.76958216808265,0 77.48976074446284,12.76907626345883,0 77.49033762717983,12.76808058355215,0 77.49059802857619,12.76755726625487,0 77.49106916990632,12.76648384895054,0 77.49128628873132,12.76595488391081,0 77.49198095295867,12.76437666904809,0 77.49268872930145,12.76287706302611,0 77.49335333998471,12.76138391953231,0 77.49394349489643,12.7598551422011,0 77.49449018557368,12.7583025454262,0 77.49504922304328,12.75674983263872,0 77.49566975705369,12.75517231475055,0 77.49632846009041,12.75370950718803,0 77.49708588080881,12.75223971189325,0 77.49791156456712,12.75080560799245,0 77.49819348314281,12.75000086135071,0 77.49814902066083,12.74985297143752,0 77.49796735041292,12.74920166082802,0 77.49776529703087,12.74866667122996,0 77.49765803129316,12.74839018635805,0 77.49761949354485,12.74822314538193,0 77.49755703562874,12.74781200951668,0 77.49751935403503,12.74710504526166,0 77.49754316628417,12.7463974991453,0 77.49761316141831,12.74569555220802,0 77.49771071177997,12.74498127646478,0 77.49774685643234,12.744276630662,0 77.49776768473095,12.74357816140309,0 77.49777012279299,12.74288589836556,0 77.49779716270893,12.74219340240364,0 77.49779954411372,12.74149510851248,0 77.49774306219263,12.74075212551026,0 77.49768658117085,12.74000914160865,0 77.49765186104463,12.73929008596872,0 77.49762645339814,12.73857998847575,0 77.4976286585358,12.73786359662773,0 77.49763698445935,12.73714413089698,0 77.49760525098162,12.73641599570169,0 77.49756429675494,12.735687945942,0 77.4975263867334,12.73495685377583,0 77.49746994168453,12.73421688709971,0 77.49741042095422,12.73347694830255,0 77.49736024417996,12.73274898667643,0 77.49737761998125,12.73201133935186,0 77.49736415982818,12.73126493083197,0 77.49731079225933,12.73052493357886,0 77.49725438048534,12.72978798232958,0 77.49722570020595,12.72905680113053,0 77.49720012258763,12.72832860568064,0 77.49718382957013,12.72760635654816,0 77.49714604365505,12.72688732518998,0 77.49706217198172,12.72617174542978,0 77.4969782985097,12.72545616477026,0 77.49683565703998,12.72470494397805,0 77.49669301826822,12.72395372408516,0 77.49655037769782,12.72320250149431,0 77.49641977005638,12.72242401865361,0 77.49627072001778,12.7216457084827,0 77.49615256259074,12.72088219126016,0 77.49602825739822,12.72011873069494,0 77.4958609987861,12.71936472290366,0 77.49569060873466,12.71860471213779,0 77.49550490592674,12.71785087791574,0 77.49530699572131,12.717106206886,0 77.49515945744304,12.71648171226127,0 77.49493668997633,12.71571012991859,0 77.49472314505715,12.71493845764377,0 77.49450960553395,12.71416678626821,0 77.49434552152866,12.71342179418053,0 77.49418770399939,12.71268880984076,0 77.49409586882933,12.7124151902089,0 77.4939602969302,12.71207109970152,0 77.49360332813114,12.71140936145292,0 77.49342692341384,12.71097667243555,0 77.49329510528491,12.71070192145658,0 77.49290177689556,12.71009481702225,0 77.49233265173058,12.70943205714377,0 77.49217719941828,12.70925555709834,0 77.49199721000332,12.70908531903228,0 77.49168728833774,12.70883335417602,0 77.49053644480114,12.70810668037905,0 77.48945406125597,12.70746381350426,0 77.48927510246409,12.70739913516201,0 77.48917651788207,12.7073789471807,0 77.48874893521526,12.70735732208277,0 77.48779889230508,12.70735869804554,0 
							</coordinates>
						</LinearRing>
						<LinearRing>
							<coordinates>
								77.64303040393003,12.9638784460335,0 77.65091152634591,12.96059038793612,0 77.66006377032681,12.95489904725326,0 77.66662204397221,12.94619263498214,0 77.67062741212544,12.92142377248916,0 77.66836948066708,12.89495582445181,0 77.66089778540453,12.87665119169918,0 77.65140890989335,12.8629066640114,0 77.63455017205285,12.8573903997472,0 77.62858485111002,12.85828778105628,0 77.62197816066362,12.86664094862095,0 77.62197630985889,12.87942413071909,0 77.62602694808527,12.89304824008428,0 77.63101859193455,12.90207845145943,0 77.63245540279468,12.91057131701274,0 77.63083971498094,12.92791082432512,0 77.62899116481049,12.94018355392791,0 77.63114446284675,12.96550745730337,0 77.63030200943024,12.96565154758093,0 77.63146504597518,12.96607724616803,0 77.64124861673031,12.96463439815898,0 77.64223899153626,12.96477031180052,0 77.64303040393003,12.9638784460335,0 
							</coordinates>
						</LinearRing>
					</innerBoundaryIs>
				</Polygon>
			</MultiGeometry>
		</Placemark>
		<Placemark id="ID_00001">
			<name>CLOSEPET GRANITE</name>
			<snippet></snippet>
			<description><![CDATA[<html xmlns:fo="http://www.w3.org/1999/XSL/Format" xmlns:msxsl="urn:schemas-microsoft-com:xslt">

<head>

<META http-equiv="Content-Type" content="text/html">

<meta http-equiv="content-type" content="text/html; charset=UTF-8">

</head>

<body style="margin:0px 0px 0px 0px;overflow:auto;background:#FFFFFF;">

<table style="font-family:Arial,Verdana,Times;font-size:12px;text-align:left;width:100%;border-collapse:collapse;padding:3px 3px 3px 3px">

<tr style="text-align:center;font-weight:bold;background:#9CBCE2">

<td>CLOSEPET GRANITE</td>

</tr>

<tr>

<td>

<table style="font-family:Arial,Verdana,Times;font-size:12px;text-align:left;width:100%;border-spacing:0px; padding:3px 3px 3px 3px">

<tr>

<td>OBJECTID_1</td>

<td>2</td>

</tr>

<tr bgcolor="#D4E4F3">

<td>INDEX_</td>

<td>CLOSEPET GRANITE</td>

</tr>

<tr>

<td>AGE_CODE</td>

<td>98</td>

</tr>

<tr bgcolor="#D4E4F3">

<td>AGE</td>

<td>ARCHAEAN- PALAEOPROTEROZOIC</td>

</tr>

<tr>

<td>SUPERGROUP</td>

<td></td>

</tr>

<tr bgcolor="#D4E4F3">

<td>GROUP_</td>

<td></td>

</tr>

<tr>

<td>GEOM_ID</td>

<td>985</td>

</tr>

<tr bgcolor="#D4E4F3">

<td>STRATIGRAP</td>

<td>985,CLOSEPET GRANITE,ARCHAEAN- PALAEOPROTEROZOIC</td>

</tr>

</table>

</td>

</tr>

</table>

</body><script type="text/javascript">

				function changeImage(attElement, nameElement) {

				document.getElementById('imageAttachment').src = attElement;

				document.getElementById('imageName').innerHTML = nameElement;}

			</script></html>]]></description>
			<styleUrl>#PolyStyle0038</styleUrl>
			<MultiGeometry>
				<Polygon>
					<outerBoundaryIs>
						<LinearRing>
							<coordinates>
								77.34048918932467,12.84881717976907,0 77.34054051093591,12.84971235594054,0 77.34054123129283,12.8506348328313,0 77.34049120650405,12.85156926980602,0 77.34042571067806,12.85252302331889,0 77.34039158140644,12.85348416835973,0 77.34039304999931,12.85448718853297,0 77.34035500867674,12.85544836774801,0 77.34036632934266,12.85624800803919,0 77.3404220693231,12.85719684405916,0 77.34043904582535,12.85818438330267,0 77.34048728366128,12.85916780724858,0 77.34050042365567,12.86016305188338,0 77.34048603720089,12.86114319959904,0 77.34054128435287,12.86203833889829,0 77.34055012199059,12.8629914287115,0 77.3405432772505,12.8639408232105,0 77.3405831648812,12.86486678587352,0 77.34065466637981,12.86582698752551,0 77.34067506570176,12.86676079677341,0 77.34072629828012,12.86764446252198,0 77.34078155352591,12.86853960361987,0 77.34078602135787,12.86944286829379,0 77.34072793324759,12.87035052705522,0 77.34065089012654,12.87132356113347,0 77.34053084951915,12.87230081662943,0 77.34037158048409,12.87326691423675,0 77.34018496306567,12.87423709386684,0 77.33999844906924,12.87521877672521,0 77.33974546348242,12.87620489234195,0 77.33950019677673,12.87717942918738,0 77.33920769587854,12.87812370564455,0 77.338970036538,12.87907516138961,0 77.33877131964073,12.88000709105444,0 77.33862716011538,12.88091551873623,0 77.33843228062528,12.88183974300978,0 77.33826475311594,12.88275988705919,0 77.33814410186886,12.88367194170678,0 77.33799613191599,12.88459191038839,0 77.33784816286249,12.88551188086865,0 77.33770421197988,12.88644332220161,0 77.33749030283525,12.88742525147421,0 77.33730363685339,12.88839159549576,0 77.33711693399937,12.88935410390883,0 77.33693022934665,12.89031661232184,0 77.33674356156615,12.89128295724271,0 77.33662717310563,12.89223333020408,0 77.33644423931025,12.89318046200879,0 77.33629263519703,12.89413114883348,0 77.33614103288244,12.89508183835619,0 77.3359895366878,12.8960440320065,0 77.3357795656745,12.89702976271343,0 77.33556959556046,12.89801549342036,0 77.33535574667042,12.89900509570867,0 77.3351574029918,12.8999792143693,0 77.33498253521589,12.90095312438723,0 77.33480379136194,12.90193090508723,0 77.33464460776247,12.90290851041948,0 77.33442282145609,12.90388667513002,0 77.33422433388597,12.90484545495383,0 77.33406468443769,12.90577320007316,0 77.33386206808001,12.90670900131943,0 77.33365944902442,12.90764480166632,0 77.33345898474442,12.90838636913566,0 77.33340219705383,12.90859643547719,0 77.33318385515088,12.90952470580061,0 77.33295412962946,12.91049143473197,0 77.33272045518493,12.91145436312843,0 77.33252139204865,12.91235177681313,0 77.33233804636382,12.91325671962198,0 77.3320726402402,12.9141739040025,0 77.33191163101702,12.91495590589039,0 77.33173159303863,12.91579561367666,0 77.33151274481736,12.91667018997731,0 77.33130573976814,12.91755616698356,0 77.33107543688197,12.91846152977581,0 77.33081806350287,12.91940165496243,0 77.33059159892321,12.92029931326277,0 77.33038857427334,12.92119292551314,0 77.33019337642327,12.92208646851577,0 77.33000603684917,12.92298377608046,0 77.32979152066218,12.92390434191191,0 77.3295260282037,12.92481385417608,0 77.32928774833096,12.92570394647998,0 77.32902214525586,12.9266019519186,0 77.32876045423166,12.92749992498159,0 77.32849086895851,12.92839029607535,0 77.32812732971257,12.92927766972872,0 77.32780661977972,12.93014164661975,0 77.32746239437404,12.93100199924294,0 77.32704815944504,12.93190900239858,0 77.32658340689875,12.93285481399852,0 77.32619655722539,12.93376157253857,0 77.32571212661338,12.93469605178143,0 77.32518045191637,12.93560026703875,0 77.32462145311763,12.9365123963301,0 77.32411719785046,12.93742020168099,0 77.32356221272602,12.93834380092574,0 77.3229291700452,12.93929110899751,0 77.32219754997703,12.94015874522995,0 77.32154802991772,12.94101797819718,0 77.32082422585739,12.94188554248387,0 77.32025207537305,12.94264819096128,0 77.31972702238426,12.94342576278876,0 77.31924156024985,12.94425284499283,0 77.31882635765032,12.94506012412546,0 77.31845451766191,12.94590153702637,0 77.31799693630961,12.94678207133558,0 77.3175355112549,12.94767031103606,0 77.31707817092092,12.94857769190702,0 77.31664818976219,12.94948099345311,0 77.31629604582594,12.95033757521895,0 77.31595162077076,12.95118257821349,0 77.31568133582505,12.95200391015237,0 77.31524693449848,12.952853549152,0 77.31485529413658,12.95367212376954,0 77.31444454677847,12.95454073037047,0 77.3140142985211,12.95541718445554,0 77.31363069270236,12.95625869987913,0 77.31339388322118,12.95689178123075,0 77.31331780866998,12.95713027244415,0 77.31315253845895,12.95788162813466,0 77.3129527909386,12.95871383827307,0 77.31276111753158,12.95957282752403,0 77.31258908082145,12.96043931352352,0 77.31241707918491,12.96130963333297,0 77.31220220326912,12.96219951519549,0 77.31209133124997,12.96290819445767,0 77.31196953066939,12.9637051898427,0 77.31186782813779,12.96455954398783,0 77.31177028946735,12.96544071141977,0 77.31167669612267,12.96632567938667,0 77.3115638923598,12.9672491752093,0 77.31146660010359,12.96815719100164,0 77.31138510353975,12.96908040893379,0 77.31126461237204,12.97001931733769,0 77.31110850805129,12.9709163497098,0 77.31091703879036,12.97179834991397,0 77.31073730927943,12.97268024759541,0 77.31053007580243,12.97355088306682,0 77.31033885205642,12.9744597325307,0 77.3100956852677,12.97525397419162,0 77.30999296920021,12.97557517065763,0 77.30990532666954,12.97583294423504,0 77.3098325229526,12.97600236391798,0 77.30945557571431,12.97672107691619,0 77.30898988337646,12.97757866502343,0 77.30880369673326,12.97784258276903,0 77.30839489101146,12.97842205823144,0 77.30771428498633,12.97931991078531,0 77.30690892860423,12.98027256982328,0 77.30609562761117,12.98121378948485,0 77.30523934172231,12.98216306167603,0 77.30434800026006,12.98313182037725,0 77.30340591185342,12.98411637117363,0 77.3026738268357,12.98495330095415,0 77.30212139218855,12.98574644184487,0 77.30149127320374,12.98660548055852,0 77.30095092544491,12.98743687141456,0 77.30044992752221,12.98829092968271,0 77.30010061824896,12.98904007663828,0 77.29973272718365,12.98989679060446,0 77.29946225967558,12.9907066121205,0 77.29916908518521,12.99160102117025,0 77.29887625963175,12.99253378450658,0 77.29856407707058,12.99348973416397,0 77.29828260275997,12.99438020418313,0 77.29798564751968,12.9952899907405,0 77.29768103994809,12.99621902009176,0 77.29738422230406,12.99714414818396,0 77.29722041169271,12.99763465641433,0 77.29713980365909,12.99780798005429,0 77.29706285946344,12.99795442026033,0 77.29665481996403,12.99870408612475,0 77.29653512019968,12.99888350806748,0 77.29639188427808,12.99905738479055,0 77.29629505157544,12.99916947808902,0 77.29622153019949,12.99926218740006,0 77.29616355720248,12.99934325138997,0 77.29602416138601,12.99950942272176,0 77.29556322196515,13.00001809995541,0 77.29556440367435,13.00003149265933,0 77.29550217688399,13.00038442170376,0 77.29553034544915,13.00091988434525,0 77.29653262368168,13.00359575504012,0 77.29707294356155,13.00508292793484,0 77.29821378843565,13.00912735274517,0 77.29875855006708,13.01238085709093,0 77.29915490917176,13.01476372866318,0 77.29932754393104,13.01742317683818,0 77.29935262152634,13.01854807763175,0 77.29941896901028,13.01985776842133,0 77.29947510918902,13.02051914244453,0 77.29974054409087,13.02217146594046,0 77.30018597110575,13.02434923902621,0 77.30054560459604,13.02536336582671,0 77.30107736562798,13.02740554093299,0 77.30152581706284,13.02855370179196,0 77.30191195537247,13.02972692945428,0 77.30207618057131,13.03045090348644,0 77.30217278214826,13.0308767576563,0 77.30272535708963,13.03381348840179,0 77.30294605971295,13.03468176225357,0 77.30298585471348,13.03492654602331,0 77.30297549812082,13.035159517198,0 77.30300195527605,13.03666687357742,0 77.30294527010818,13.038652986746,0 77.30295479572732,13.03968247666501,0 77.30296920016849,13.0412389675044,0 77.30311451802066,13.04207113987127,0 77.30352591378994,13.0446168993505,0 77.30396393218979,13.04733401565232,0 77.30422648746247,13.05001591989884,0 77.30467738325467,13.05276968807073,0 77.30481258733107,13.05520759005827,0 77.30506402608398,13.0580366728542,0 77.30534084010776,13.06090229510488,0 77.30566827696947,13.06382874839807,0 77.30563279691609,13.06539793766473,0 77.30548585848561,13.06709068748529,0 77.30530969748463,13.06876130768825,0 77.3051753774418,13.07003509394445,0 77.30490082881028,13.07145933408106,0 77.3048911619976,13.07176584012149,0 77.30487171595701,13.07236659714079,0 77.30453222817982,13.07488227429758,0 77.30419523961865,13.07766757809628,0 77.30394249864747,13.0795131802891,0 77.30389199811725,13.07982761565199,0 77.30391199094566,13.08006292686264,0 77.3039679197837,13.08033280441543,0 77.30448196507069,13.08199408066235,0 77.30542717592351,13.08406143049069,0 77.30618065401404,13.08561590055342,0 77.30638187732183,13.08618974266255,0 77.30675672554253,13.08724173002184,0 77.30690372152958,13.0877288352176,0 77.30696929109996,13.08807712106233,0 77.30715712170388,13.09008145539491,0 77.30730133518853,13.09218211880977,0 77.30721422775446,13.09430229301648,0 77.30683855125818,13.09603257064668,0 77.30633667919443,13.09759826424852,0 77.30621819981013,13.09826218065518,0 77.30556076301883,13.10033512696458,0 77.30492169577968,13.10246896367181,0 77.30425590698457,13.1046030369007,0 77.30405749675612,13.10522509256401,0 77.30357238535737,13.10674599273341,0 77.30295975998501,13.10885342534533,0 77.30244499074377,13.11095126129175,0 77.3023525638198,13.11154517177232,0 77.30234676678992,13.11283605144268,0 77.30242694404831,13.11418418735042,0 77.19140710335517,13.11365501726527,0 77.19253863754813,12.87625908099182,0 77.19464011125217,12.87238461635701,0 77.21931408267881,12.82460908054469,0 77.21941193791065,12.82466257132069,0 77.21963491941608,12.82475253140427,0 77.21996356406726,12.82485306931375,0 77.22036825089413,12.82492999102629,0 77.22107183100024,12.8249698903482,0 77.22137066942093,12.82496158780708,0 77.22166373329469,12.82494759255741,0 77.22200362666609,12.82489873778655,0 77.22229653945379,12.82478712832335,0 77.22266553668521,12.82460021952454,0 77.22298756142686,12.82435629280872,0 77.22322757249452,12.82415326546089,0 77.22352018311,12.82384642846995,0 77.22383020280165,12.82343034543413,0 77.22424540090458,12.82284109703903,0 77.22507967318842,12.82149030723195,0 77.2258893526116,12.82015696337322,0 77.22674371395129,12.81885195805148,0 77.22757274858355,12.81757014624532,0 77.22776370073427,12.81725844662009,0 77.22856856968377,12.81620652491125,0 77.22960270729914,12.81480239451497,0 77.23054738755195,12.81341052547543,0 77.23136814572342,12.81204269531418,0 77.23210598730151,12.81068706895314,0 77.23279568547258,12.80930889658833,0 77.23337983920828,12.80793163613617,0 77.23376517802063,12.80654460634855,0 77.23401088629345,12.80522767781514,0 77.23409539288815,12.80500877293656,0 77.23416918945657,12.80486459992142,0 77.23463126202319,12.80416016635866,0 77.2355045109245,12.8029182430825,0 77.23639477499893,12.80170488317384,0 77.23720501380041,12.80063575113905,0 77.23747145594297,12.80016840314931,0 77.23769283035989,12.79980478925967,0 77.2379246881739,12.79936644710392,0 77.23848490825196,12.79796072041097,0 77.23898444207839,12.79642346427153,0 77.23935212270237,12.79503662154292,0 77.23978386113635,12.79368952345277,0 77.24028501014516,12.79334347781929,0 77.24066207969128,12.79303154706827,0 77.24079626843309,12.79290560690828,0 77.24095307332573,12.79274006330331,0 77.24133397758106,12.79225733600731,0 77.24144726068261,12.79207246237428,0 77.24151461900453,12.79192410661227,0 77.2415270521318,12.79187145760176,0 77.24152957562944,12.79182217655227,0 77.24152561231722,12.79178280333377,0 77.24151163145666,12.79174023392471,0 77.24149464775985,12.79171739114474,0 77.24146427135912,12.79168809662843,0 77.24142735688707,12.79166542741757,0 77.24137410083415,12.79165931652426,0 77.24131098551362,12.79165985881548,0 77.24123822496415,12.791680187091,0 77.24115244403015,12.7917170476037,0 77.24102733034709,12.79178708410672,0 77.24085334930271,12.79191665393046,0 77.24047360337414,12.79225815888697,0 77.24018908845574,12.79256400842229,0 77.2403259023186,12.79163645755654,0 77.24043772671979,12.79048034039545,0 77.24040896550139,12.78932081120649,0 77.24029165343711,12.78819438606212,0 77.24020183994304,12.78704924332794,0 77.24019961591961,12.78701353484678,0 77.24013051111427,12.78590394411179,0 77.24011906274461,12.78471654313398,0 77.24013057856342,12.78351508575264,0 77.24007174131788,12.78231423181637,0 77.23992874101862,12.78112796128642,0 77.2397207943792,12.77998383298757,0 77.23948944198423,12.77884914577152,0 77.23928612145738,12.77771883915318,0 77.2390366027571,12.77663051198857,0 77.23874523140734,12.77556564813619,0 77.23845937020383,12.77455156000656,0 77.23818415427536,12.7736113116128,0 77.2379667782443,12.77250884350838,0 77.23776104663506,12.77153103403003,0 77.23774979611625,12.77145257627541,0 77.23774967380848,12.77145172102018,0 77.24967760513744,12.72016686061215,0 77.24528789641931,12.70548888070732,0 77.24949278546376,12.69962086461123,0 77.25648103846919,12.69731024187422,0 77.26600266189337,12.6925560469241,0 77.26921304914293,12.68371554303792,0 77.26332690181511,12.6774529520921,0 77.25829005264387,12.6607036230738,0 77.24883801156506,12.65105717105166,0 77.24675033256187,12.64028314724948,0 77.4096927627109,12.64105980356715,0 77.41196558784168,12.64985356518991,0 77.40878514351959,12.66336268633893,0 77.40603450139116,12.6733160356066,0 77.39156786486512,12.68614889895258,0 77.38782863488365,12.70732693668884,0 77.37636837889761,12.73628115045477,0 77.37361571779121,12.74514345480662,0 77.3775717914051,12.74292806847563,0 77.38208600406591,12.74465032954913,0 77.38293446495368,12.750029493966,0 77.38220626051054,12.76022743274984,0 77.38118766048223,12.76491368212078,0 77.37995377804447,12.77078270186024,0 77.37968705531341,12.77385587684728,0 77.379433135331,12.77695360152751,0 77.37976774338671,12.78473218863962,0 77.37609844198954,12.78736474978342,0 77.37228545770779,12.78715794348437,0 77.37228545860711,12.78715790481351,0 77.37238616918643,12.78244027090182,0 77.372295000414,12.75919130763282,0 77.37289431132348,12.75002960368329,0 77.37098465761591,12.75002958209956,0 77.36969973235682,12.75857042198743,0 77.36887336781172,12.76580375733761,0 77.36844572489036,12.7761833501815,0 77.36801631390182,12.786926249347,0 77.3680163130025,12.78692627632665,0 77.36596406279131,12.78681486381498,0 77.36024223778912,12.79433664052357,0 77.3602422413864,12.79433657936971,0 77.3605457167115,12.78910484081581,0 77.36096998357795,12.78025925935736,0 77.36302449108746,12.76282028073143,0 77.36369971287149,12.75404842659367,0 77.36381645566496,12.74369696274471,0 77.36193917934969,12.74130445853399,0 77.35985419471535,12.7464337706021,0 77.35733758855895,12.75753534458056,0 77.35402184573167,12.76814342008282,0 77.35401058262232,12.76892515217406,0 77.35388548782504,12.77036241899049,0 77.35382681785342,12.77179909315367,0 77.35366865948112,12.77325294706588,0 77.35358221214943,12.77467901192693,0 77.3535229908934,12.77605596660965,0 77.35349698609707,12.77743262361673,0 77.35341547244616,12.7787934876294,0 77.35331735551159,12.7801544991309,0 77.35321923587907,12.78151551063235,0 77.35314879558052,12.78287627392098,0 77.35305611414839,12.78422637844466,0 77.35296342821971,12.78557648296834,0 77.35288735366851,12.78692643910392,0 77.35286658922178,12.78827047230448,0 77.35280697136471,12.78960399063169,0 77.35275294459279,12.79094288960272,0 77.3526380166312,12.79228233536156,0 77.35252862669483,12.79362172895969,0 77.35244138346314,12.79496092380765,0 77.35235972592068,12.79630550019874,0 77.35221711952448,12.79764519147244,0 77.3520520669494,12.7989525053539,0 77.35181478982076,12.800233314416,0 77.35151661599906,12.80151466756791,0 77.35142687894734,12.80198785215771,0 77.35129609593815,12.80281161766209,0 77.35120955417761,12.80422682320938,0 77.3511727422283,12.80563072517788,0 77.35110814662374,12.80702401514623,0 77.35097167810051,12.80842880834285,0 77.35087386603612,12.80982239688615,0 77.35074842050324,12.81122166105087,0 77.35059529203915,12.81262117073049,0 77.35048082003385,12.81400947755537,0 77.35030529305487,12.81538204174785,0 77.35013530320174,12.81675455647763,0 77.34999853250633,12.81812677263252,0 77.34992825228704,12.81950382713995,0 77.34985797206781,12.82088088074812,0 77.34974903628904,12.82226914080826,0 77.34967337092939,12.8236625315007,0 77.34965317395489,12.82506628508105,0 77.34964958925718,12.82646988937393,0 77.34968481390308,12.82787857753436,0 77.34979755831074,12.82928657231753,0 77.34989922936597,12.83069466512677,0 77.34992852028506,12.83205996819305,0 77.34990294806266,12.83348005885767,0 77.34985507625083,12.83488405975163,0 77.3498457125097,12.83626056837056,0 77.34978082912204,12.83762128309581,0 77.34969359578287,12.83896047884309,0 77.34961738633336,12.84029414825636,0 77.34957993676471,12.8416274678334,0 77.34948721666177,12.84297214314995,0 77.34939470070492,12.84433853619453,0 77.3492083036204,12.84573291704055,0 77.349063959734,12.84688530111578,0 77.34902696342368,12.84707567050583,0 77.34897254994326,12.84717932096896,0 77.34893958079709,12.84720676378117,0 77.34890102146505,12.84722882864759,0 77.34882918631797,12.84724576108306,0 77.3487627408079,12.84724635463562,0 77.3487129039774,12.84724680069934,0 77.34865184360774,12.84723105896626,0 77.34860180622843,12.84720978730189,0 77.34857381752772,12.84717745847297,0 77.3485457766663,12.84713970313481,0 77.34852871113117,12.84709098865824,0 77.34851874934088,12.8469770967157,0 77.34857118791007,12.84576570542299,0 77.3486691708456,12.84412366477534,0 77.34864614010735,12.8424063724562,0 77.34861603350322,12.84068914219023,0 77.34858593049637,12.8389719137229,0 77.34852064061511,12.8372758184243,0 77.34847645512434,12.83556565503102,0 77.34839000419538,12.83387668685964,0 77.34834582320121,12.83216652346636,0 77.34820971620547,12.83046411852428,0 77.34799641500263,12.82883179864865,0 77.34791087958348,12.82723997344607,0 77.34790318768205,12.82564745036962,0 77.3480718861087,12.8239978383296,0 77.34825473716643,12.82234809858591,0 77.34842356599484,12.82071236398446,0 77.34858531446076,12.81907669143624,0 77.34877556334163,12.81746158278588,0 77.34895879840985,12.81585347895492,0 77.34916319812316,12.81423824439952,0 77.34937467010502,12.81262294509287,0 77.34958620773733,12.8110145867538,0 77.34979774447038,12.80940623021343,0 77.35001648387367,12.80781168815895,0 77.35021412518176,12.80623121150126,0 77.35048940406278,12.80462922216094,0 77.35065166334363,12.80304906296391,0 77.35071460869227,12.80144203112491,0 77.35079871418935,12.79982787215863,0 77.35081927359067,12.79822815900241,0 77.35100250326298,12.79662005427213,0 77.35125661570032,12.79502519655563,0 77.35153902710448,12.79343008523028,0 77.35172952419822,12.79184273505422,0 77.35176162280072,12.79148854156301,0 77.35180562033315,12.79089135934879,0 77.35179266380044,12.79025652162125,0 77.3515940853988,12.7886795801985,0 77.35131813382486,12.78715190723477,0 77.35120481295183,12.78637570507476,0 77.35115699689794,12.78579669186388,0 77.35111253981194,12.78405183082737,0 77.35120251518401,12.78230576829662,0 77.35136330497261,12.78056601450999,0 77.35156641595739,12.77881200736829,0 77.35174135298109,12.77707212857592,0 77.35183062328468,12.77524974058309,0 77.35179803005508,12.77411612625826,0 77.35124369244249,12.77507039867999,0 77.35077954244201,12.7760507145689,0 77.35044433273981,12.7770183760972,0 77.35014037088149,12.77798192232791,0 77.34991863583645,12.77895624333598,0 77.34970472039657,12.779930494197,0 77.34955728464104,12.78090415330411,0 77.34946459961162,12.78187732497861,0 77.34934461026563,12.78285841158646,0 77.3492167986164,12.78383956744216,0 77.34912802383928,12.78481270224444,0 77.34912514241142,12.78576973018897,0 77.34910665504816,12.78673073493553,0 77.3491350250614,12.78768365028026,0 77.34915557457015,12.78863663397351,0 77.34918394638208,12.78958954841897,0 77.34925135686467,12.79053444360972,0 77.34935001788909,12.79147522170416,0 77.34942916452439,12.79242001167427,0 77.34950048525923,12.79336487089211,0 77.34956402685839,12.79431363676497,0 77.3495208360178,12.79514060925175,0 77.34946612935846,12.79599069971107,0 77.34939197216187,12.79685247146443,0 77.34930611838274,12.79771818224839,0 77.34925151514534,12.79857978043259,0 77.34918134284476,12.79944918743013,0 77.34902135884869,12.80033473905701,0 77.34875954641598,12.8012058565651,0 77.34837279476869,12.80210110108499,0 77.34818085156513,12.80249213350521,0 77.34807279981993,12.80265035932666,0 77.34793708762658,12.80277814849279,0 77.34764191034594,12.8030032505996,0 77.34736584455811,12.80318023448029,0 77.34720225877726,12.80325457154129,0 77.34708524708657,12.80329013523158,0 77.34697975661055,12.8033025818487,0 77.34687815929965,12.80331307873564,0 77.34679983194673,12.80330226798532,0 77.34672136160162,12.80327611749885,0 77.34661918153006,12.80322332999276,0 77.34577982358007,12.80254805694733,0 77.34540453828885,12.80214673628291,0 77.34515953958112,12.80187658353753,0 77.3450603101852,12.80172020492358,0 77.34442190304844,12.80078039090239,0 77.34399973879698,12.79996139270418,0 77.34365530025195,12.79908800350859,0 77.34324740284541,12.79811928257885,0 77.34299316899961,12.79727193774977,0 77.34278494716762,12.79632445610883,0 77.34253712548804,12.79532362578476,0 77.34225812431305,12.79433457837814,0 77.34204606957053,12.79339480032979,0 77.34182182451764,12.79240526459131,0 77.34164060123283,12.79141534754029,0 77.3414631146311,12.79040621737306,0 77.34132110898207,12.7894274582107,0 77.34118287508966,12.78843332064127,0 77.34113853761346,12.78744218590822,0 77.34114116363384,12.78645446859889,0 77.34122993571305,12.78547749459074,0 77.34130707955813,12.78451213083025,0 77.34134102986468,12.78352797213824,0 77.34141412136466,12.78254730191651,0 77.34140156772821,12.78160958331569,0 77.34133024969134,12.78066088039537,0 77.3412892522972,12.7804560328197,0 77.34121297000263,12.7802419114351,0 77.3410290514496,12.77980627354071,0 77.34087347862817,12.779475865319,0 77.34082968524183,12.77939186953921,0 77.34077423034648,12.77931564749917,0 77.3407069008029,12.77922418824573,0 77.3406082676575,12.77913108772958,0 77.3405373821945,12.77907801513834,0 77.34047040698374,12.77902491017153,0 77.34038775389178,12.77896810809176,0 77.34026979881224,12.77890011304981,0 77.34015969931073,12.7788358834693,0 77.33982641325844,12.77874294662973,0 77.33952069232612,12.77867086057182,0 77.33869781535196,12.77849979872678,0 77.33835308093001,12.77843764837883,0 77.33819639115057,12.77841026941843,0 77.33811814383733,12.7784071262879,0 77.33805162638151,12.77840388153396,0 77.33798912619727,12.77841210673341,0 77.33791507062409,12.77843961249818,0 77.33779447603428,12.77850972634286,0 77.33689478886345,12.7793423762497,0 77.33636483007291,12.77997804674953,0 77.33617169436826,12.78024058673373,0 77.33555059018767,12.78117241387582,0 77.33508964447157,12.78208364384511,0 77.3347575014576,12.78296688241574,0 77.33453845178815,12.78381459776551,0 77.33436354893871,12.78478466498035,0 77.3342394128187,12.78574661221643,0 77.33418567023256,12.78670793532302,0 77.33414771344627,12.78768446146876,0 77.33416063310676,12.78866437356203,0 77.33423601967661,12.78963222574669,0 77.33439293428654,12.79053414683347,0 77.33455834479184,12.79150887163718,0 77.33478935994106,12.79238712256767,0 77.33504828465067,12.79332266211122,0 77.33534134672584,12.79414282403218,0 77.33568194426636,12.79502777221398,0 77.33605393713952,12.79592394933087,0 77.33642973864158,12.79680858454861,0 77.33675096748323,12.79771287894624,0 77.33702156719164,12.79864063935406,0 77.33727272175878,12.79958007566,0 77.3375161628407,12.80053108803935,0 77.33774822659944,12.80152055992596,0 77.3379330408772,12.80247592682264,0 77.33810633933615,12.80345441079248,0 77.33832632250181,12.80440563001588,0 77.33851466571929,12.80531877104448,0 77.33867972189171,12.80625129875847,0 77.33884499390143,12.80720683922431,0 77.33902182309873,12.80814309642682,0 77.33915150713642,12.80905676086087,0 77.33923390302226,12.80993248649509,0 77.33935961115719,12.81083851118836,0 77.33948542451282,12.81175604270726,0 77.33960345243742,12.81267747908242,0 77.33974117821288,12.81361408342326,0 77.33984726314071,12.81451261136795,0 77.33996561572064,12.81546856462262,0 77.34011525751316,12.81642423998676,0 77.34027691874485,12.81741049409908,0 77.34044992492414,12.81835445399491,0 77.34059569783324,12.81931399734316,0 77.34068290779004,12.82028557092241,0 77.34071877635051,12.82120390103927,0 77.34073160338085,12.82216846260451,0 77.34076750971286,12.82309062832991,0 77.34080768332797,12.82405111057034,0 77.34077400101938,12.82506211672336,0 77.3407865825348,12.82599983262622,0 77.34076801962846,12.82695316705508,0 77.34076915007626,12.82792166855023,0 77.34075460444149,12.82888647473106,0 77.34073226977847,12.8298551866676,0 77.34070225400586,12.83083930848733,0 77.34064464523425,12.83180066217085,0 77.34057135678273,12.83275832233875,0 77.34052942948966,12.83372337313523,0 77.34051485057995,12.8346843428082,0 77.34056296161145,12.83565626172714,0 77.3406306310988,12.83662800707691,0 77.34067863780894,12.83758841917023,0 77.34067181285394,12.83854164927772,0 77.34068070445102,12.83950241030806,0 77.34066612823926,12.84046338088035,0 77.34069084430706,12.84144317965905,0 77.3406762339211,12.84240031462286,0 77.34060604273475,12.843269726117,0 77.34060992420871,12.84411162555114,0 77.34063016255203,12.84503009416358,0 77.3405880643877,12.84597596691736,0 77.34054194895185,12.84691036971782,0 77.34054305601728,12.84787503650381,0 77.34048918932467,12.84881717976907,0 
							</coordinates>
						</LinearRing>
					</outerBoundaryIs>
					<innerBoundaryIs>
						<LinearRing>
							<coordinates>
								77.26802380995093,12.84369304599733,0 77.26848227443747,12.84417384065029,0 77.26877816757843,12.84447566302146,0 77.26886545307826,12.84459328085529,0 77.26893524226767,12.84468286592158,0 77.26901083298361,12.84477803397914,0 77.2693876606121,12.84512988923308,0 77.26971209553682,12.8454089191863,0 77.27046605926131,12.84614644150514,0 77.27056489295552,12.84626959286749,0 77.27066398295648,12.84642092718411,0 77.27072232827288,12.84651624632778,0 77.27076927648096,12.84662293649939,0 77.27083336936454,12.8467182061803,0 77.27092640512956,12.8468357709541,0 77.27101344151714,12.84692520583366,0 77.27133782967718,12.84719859523904,0 77.27158652909509,12.847365543585,0 77.27263189654485,12.84790325093434,0 77.27377397708744,12.84832738110379,0 77.27436783450804,12.84851951856098,0 77.27459232597511,12.84855139233292,0 77.27485685076311,12.84856037296288,0 77.2750579436692,12.84854735617557,0 77.27523024298137,12.84852895334859,0 77.27541973553241,12.84850476428352,0 77.27579811269283,12.84838874814227,0 77.27611315689671,12.84826200848494,0 77.27763510567564,12.84745967112696,0 77.27847009651782,12.84697894302383,0 77.27896786137774,12.84671533554433,0 77.27917408851346,12.84663463038396,0 77.2797873784848,12.84643202212015,0 77.28054417147638,12.84620561689576,0 77.28068162115994,12.84614805488889,0 77.28079038247023,12.8460963807434,0 77.28093302124199,12.84597677091131,0 77.28128071623212,12.84564682404175,0 77.28169062362343,12.84520360126521,0 77.28180971094946,12.8450221936194,0 77.28188881171934,12.84486931606614,0 77.28203587605492,12.84460311494183,0 77.28214331086514,12.84440489716832,0 77.28230706032264,12.84407654839401,0 77.28240910279789,12.84391783334138,0 77.2825455839116,12.8437531854612,0 77.28265952981349,12.84363946169185,0 77.28283614856946,12.84346318917488,0 77.2831044819863,12.84325793510567,0 77.28338990971662,12.84303562449452,0 77.28390414386121,12.84268731436811,0 77.28430437814461,12.84244709375844,0 77.28464768983906,12.84226937063499,0 77.2860614276928,12.8415863031654,0 77.28746961403152,12.84092582486699,0 77.2881782015628,12.84045744715354,0 77.28840664824827,12.84029199617873,0 77.28856082532189,12.84017791897583,0 77.28866902095859,12.84006424376986,0 77.28874282741958,12.8399621401407,0 77.28879934081698,12.83985455064703,0 77.28883840376938,12.83972456713514,0 77.2888602734829,12.83960037165986,0 77.28885920239031,12.83948201278469,0 77.28885808093577,12.83935801695895,0 77.28882765687092,12.83917227278221,0 77.28878609470257,12.839026083487,0 77.28872133452205,12.83885754783762,0 77.28862203587829,12.83868367740985,0 77.28854049165045,12.83856601910657,0 77.28842440985869,12.83844302512557,0 77.28829698132068,12.83833704002245,0 77.28816981088812,12.83825923697424,0 77.2880138990223,12.83818168123963,0 77.28780045482716,12.83809899037618,0 77.28751798226915,12.83801126690651,0 77.28728744915651,12.83794563348425,0 77.28696489291553,12.83787516710532,0 77.28667128315323,12.83782699312127,0 77.28634933935058,12.83782416025684,0 77.28608518238531,12.83785464367691,0 77.28593593629449,12.83787848920099,0 77.28575835526397,12.83794767404595,0 77.28551230974534,12.83807382105005,0 77.28535207483844,12.83815412871013,0 77.28506065312672,12.8383483103263,0 77.28479807357229,12.83855351493281,0 77.28458687048771,12.83871881662014,0 77.28441559640271,12.83884994856635,0 77.28381123400129,12.83940196053209,0 77.28326414492443,12.83993092557182,0 77.28306428498882,12.84007921748196,0 77.28285267091411,12.84019942716191,0 77.28262386449978,12.84032542128119,0 77.28239505718619,12.84045141719918,0 77.2820284476548,12.84059552006727,0 77.28182787185887,12.84066490276308,0 77.28161559678244,12.84071184197796,0 77.28133424298096,12.84074810713946,0 77.28082285698929,12.84077509579407,0 77.280541095795,12.84076626984751,0 77.28022464145408,12.84073519827081,0 77.27872157484086,12.84043823044004,0 77.27829534655308,12.84034610658762,0 77.27796088688547,12.84023063813351,0 77.27752830129015,12.84007092843063,0 77.27590687939903,12.83939731373511,0 77.2756526419559,12.83925296355346,0 77.2753982525274,12.8390917034194,0 77.27515470082886,12.83885707389487,0 77.27502707533932,12.83872853559348,0 77.27493388848819,12.83859406356521,0 77.27485779415196,12.83844253229705,0 77.27479879233044,12.83827394178905,0 77.27477453221894,12.83813323476102,0 77.27476741588362,12.83798110724234,0 77.27477194756739,12.83784578715341,0 77.27479367249003,12.83770468352435,0 77.27483839127876,12.83756337844721,0 77.27488931179238,12.83747274926799,0 77.27496907536261,12.83739314577713,0 77.27507173297414,12.83730206873554,0 77.27520892725028,12.83721633006962,0 77.27536336512725,12.83713044121691,0 77.27548926391847,12.83706734927881,0 77.27560392208341,12.83703253562305,0 77.27572448070026,12.83701457975911,0 77.27585668733633,12.8370134331235,0 77.27600054289081,12.83702909751491,0 77.27640891064277,12.83705374163691,0 77.27656411114486,12.83705239715044,0 77.27668476868718,12.83704571338899,0 77.27678238649798,12.8370335941251,0 77.27685116035281,12.8370104509716,0 77.27696556400963,12.83694745795884,0 77.27708525837801,12.8368336847268,0 77.27715902077227,12.83672594954299,0 77.2772209292026,12.83657885912709,0 77.27725404763623,12.83642638177213,0 77.27728080876238,12.83620632126474,0 77.27733147746579,12.83608751092993,0 77.27738265338678,12.8360250629064,0 77.27745122399483,12.83597937464845,0 77.2775658794618,12.83594456099274,0 77.27765789989223,12.83594939934534,0 77.27772702897926,12.83596570944997,0 77.27809062847979,12.83612602079927,0 77.27892648716772,12.83638369365258,0 77.27971707038654,12.83672066602594,0 77.28062679129346,12.83688186770411,0 77.2808855559237,12.83689089419948,0 77.28109248722853,12.836889097354,0 77.28136259500781,12.8368811149715,0 77.28164974583916,12.83685043639855,0 77.28188501208371,12.83680329933287,0 77.28208563464437,12.83673955358756,0 77.28232613943982,12.83663600204989,0 77.28250351632425,12.83654427479848,0 77.28273186228569,12.83636755441916,0 77.28291452898236,12.83622505054569,0 77.28313117386466,12.8360258830881,0 77.2832162263478,12.8358955020758,0 77.28330626017583,12.83568052723462,0 77.28336770815326,12.83548270965935,0 77.28340631784732,12.83530200078678,0 77.28343337754842,12.83511575658696,0 77.28344334743258,12.83494657072771,0 77.2834418221824,12.83477748469323,0 77.28339344675021,12.83451298148896,0 77.28333428934604,12.83432748822304,0 77.28316937706518,12.8338892611805,0 77.28303376469654,12.83351278518694,0 77.28290319033005,12.83305735141568,0 77.28286056516299,12.83279279964802,0 77.28282424694152,12.83259019408223,0 77.28278386108639,12.83193669362356,0 77.28275761437249,12.83157617699902,0 77.28266142558437,12.83094239957211,0 77.28253822475932,12.83033733210226,0 77.28209603800178,12.82917700071806,0 77.28191630759159,12.82878647011955,0 77.28253256622503,12.82791613951827,0 77.28322948954934,12.82696640147827,0 77.28386099438944,12.8259909140495,0 77.28453843300235,12.82500750719078,0 77.28515849576803,12.82403963612035,0 77.28535650310022,12.82364894724117,0 77.28024334285607,12.8206726733053,0 77.2803113352,12.81958825819163,0 77.28034449320387,12.81912466667006,0 77.28038558772477,12.81884965578706,0 77.28041924934894,12.81870893347053,0 77.2804455707066,12.81859889602231,0 77.28048148333386,12.81843989678384,0 77.28053584735153,12.81825632357055,0 77.28059037684449,12.81809105785607,0 77.28067569462769,12.81788890554861,0 77.28087127738758,12.81749048969442,0 77.28154378052113,12.81614190682359,0 77.28165716794399,12.81590602184548,0 77.27657487602977,12.81178370765201,0 77.2757189246887,12.81064280162406,0 77.27481994618364,12.80953947646572,0 77.27391436575545,12.80830329895815,0 77.2728133122846,12.80703158743785,0 77.27162582677056,12.80579251681127,0 77.27040021719631,12.80453250007486,0 77.26985881453271,12.80400553962403,0 77.2695146484823,12.80371079581664,0 77.26911637292233,12.80342714964331,0 77.26878927960161,12.80322263391747,0 77.26851720230712,12.80310802161796,0 77.26829438447834,12.80304614466388,0 77.26786558412948,12.80298604297155,0 77.2670097200226,12.80283996878956,0 77.25991031890612,12.80087476036198,0 77.25947072849141,12.80082005370258,0 77.25921553057236,12.80077439692093,0 77.25890023455821,12.80067609202808,0 77.25792563745824,12.80020066542841,0 77.25755533171326,12.80001245351195,0 77.25738639226824,12.79991289046757,0 77.2570537492312,12.79969245584221,0 77.25534075836936,12.79847905906138,0 77.25386789728572,12.79744435127583,0 77.25361185490323,12.79730300123259,0 77.25344296761892,12.79720875048349,0 77.25314379824772,12.79709435222264,0 77.25289398097249,12.79704332558907,0 77.25229149545623,12.79695809953671,0 77.25173208926458,12.79684060670866,0 77.25147623753838,12.79672051933653,0 77.25128547964124,12.79660519027738,0 77.25114897514516,12.79649471306061,0 77.25091682774945,12.79642145518608,0 77.25057417705671,12.7963717478579,0 77.24999465662813,12.79636550206629,0 77.24965468861302,12.79640649496383,0 77.24921619357252,12.79644352095175,0 77.2489066918904,12.7964900536731,0 77.2486949123404,12.79655330209329,0 77.24849711095294,12.79666713288191,0 77.24833851281215,12.79674531094741,0 77.24817997852324,12.79682800540814,0 77.2481124106593,12.79688958468665,0 77.24801371546067,12.79700791028688,0 77.24792440828486,12.79714422502599,0 77.24779552374446,12.79738480356588,0 77.24754454094784,12.79802403628031,0 77.247274135493,12.79890968233605,0 77.24700569056023,12.7999489325972,0 77.24661959541805,12.80107956387081,0 77.24611431582309,12.80219315209234,0 77.24582478628491,12.80307896811991,0 77.24564615214825,12.80409034209566,0 77.24556308716677,12.80510541048636,0 77.24552141438181,12.80617434377098,0 77.24537894917921,12.80723963390204,0 77.24517218245029,12.80830095802287,0 77.24502453355541,12.80937984860117,0 77.24493592605222,12.81047179104036,0 77.24500164760804,12.81152625423329,0 77.24511758011226,12.81262547128853,0 77.24525945176237,12.81362054235422,0 77.24552831398057,12.81457385519928,0 77.24585104738799,12.81546796387551,0 77.24628357093013,12.81643793756081,0 77.24676547264852,12.81735778213601,0 77.24732491121574,12.8183266604471,0 77.24787964183207,12.81933172567864,0 77.24838849713149,12.82035977848102,0 77.2488694446692,12.82136999952593,0 77.24922299154787,12.82248976698918,0 77.24949788821704,12.82349273500176,0 77.24976395893964,12.82462229698149,0 77.2498105806938,12.82572665276285,0 77.24969255366847,12.82682792027236,0 77.24961488012269,12.82788365600595,0 77.24954548033969,12.8288308795415,0 77.24948035503439,12.82980517716726,0 77.24937844206153,12.83082046679118,0 77.24927608482352,12.83183576181102,0 77.24926323081348,12.83220413311432,0 77.249282048228,12.83246604357311,0 77.24933279157511,12.83272767794006,0 77.24945428009102,12.8333158966114,0 77.24953814906638,12.83387804303732,0 77.24948582561041,12.83438216430551,0 77.24957459858894,12.83511911015887,0 77.249626090172,12.83562584395759,0 77.24976090214398,12.8363382823859,0 77.24999518722814,12.83753485644854,0 77.25035072610518,12.83771238801637,0 77.25046059358158,12.83778472498511,0 77.25100428591912,12.83815772779695,0 77.25150663912018,12.83840707562609,0 77.25188198016929,12.83859550787645,0 77.25208977032668,12.83868955088212,0 77.2523723867763,12.83879422567304,0 77.25248190531573,12.83882710578638,0 77.25260281736621,12.83884861487172,0 77.25279261029078,12.83885826279862,0 77.25288458215778,12.8388574704959,0 77.25305713148151,12.83886726411299,0 77.25344795885627,12.83885827448984,0 77.25463159347333,12.83879174624212,0 77.25575749161499,12.83869752607001,0 77.25606219811203,12.83870054419481,0 77.25628073336918,12.83870994031156,0 77.25647072324534,12.83874212974553,0 77.25674144256357,12.83880180695786,0 77.25723684670317,12.83891591923435,0 77.25745563197188,12.83895349560737,0 77.25766302013233,12.8390024439077,0 77.25814062488996,12.83905470531045,0 77.25887115228193,12.8391047894545,0 77.25890814409564,12.83910891914138,0 77.25906323128316,12.83895475465823,0 77.2592142850113,12.83881723572688,0 77.26802380995093,12.84369304599733,0 
							</coordinates>
						</LinearRing>
					</innerBoundaryIs>
				</Polygon>
			</MultiGeometry>
		</Placemark>
		<Placemark id="ID_00002">
			<name>PENINSULAR GNEISSIC COMPLEX-II (GRANITE DOMINATED)</name>
			<snippet></snippet>
			<description><![CDATA[<html xmlns:fo="http://www.w3.org/1999/XSL/Format" xmlns:msxsl="urn:schemas-microsoft-com:xslt">

<head>

<META http-equiv="Content-Type" content="text/html">

<meta http-equiv="content-type" content="text/html; charset=UTF-8">

</head>

<body style="margin:0px 0px 0px 0px;overflow:auto;background:#FFFFFF;">

<table style="font-family:Arial,Verdana,Times;font-size:12px;text-align:left;width:100%;border-collapse:collapse;padding:3px 3px 3px 3px">

<tr style="text-align:center;font-weight:bold;background:#9CBCE2">

<td>PENINSULAR GNEISSIC COMPLEX-II (GRANITE DOMINATED)</td>

</tr>

<tr>

<td>

<table style="font-family:Arial,Verdana,Times;font-size:12px;text-align:left;width:100%;border-spacing:0px; padding:3px 3px 3px 3px">

<tr>

<td>OBJECTID_1</td>

<td>3</td>

</tr>

<tr bgcolor="#D4E4F3">

<td>INDEX_</td>

<td>PENINSULAR GNEISSIC COMPLEX-II (GRANITE DOMINATED)</td>

</tr>

<tr>

<td>AGE_CODE</td>

<td>98</td>

</tr>

<tr bgcolor="#D4E4F3">

<td>AGE</td>

<td>ARCHAEAN- PALAEOPROTEROZOIC</td>

</tr>

<tr>

<td>SUPERGROUP</td>

<td>PENINSULAR GNEISSIC COMPLEX</td>

</tr>

<tr bgcolor="#D4E4F3">

<td>GROUP_</td>

<td>PENINSULAR GNEISSIC COMPLEX-II</td>

</tr>

<tr>

<td>GEOM_ID</td>

<td>987</td>

</tr>

<tr bgcolor="#D4E4F3">

<td>STRATIGRAP</td>

<td>987,PENINSULAR GNEISSIC COMPLEX-II (GRANITE DOMINATED),ARCHAEAN- PALAEOPROTEROZOIC</td>

</tr>

</table>

</td>

</tr>

</table>

</body><script type="text/javascript">

				function changeImage(attElement, nameElement) {

				document.getElementById('imageAttachment').src = attElement;

				document.getElementById('imageName').innerHTML = nameElement;}

			</script></html>]]></description>
			<styleUrl>#PolyStyle0038</styleUrl>
			<MultiGeometry>
				<Polygon>
					<outerBoundaryIs>
						<LinearRing>
							<coordinates>
								77.28746961403152,12.84092582486699,0 77.2860614276928,12.8415863031654,0 77.28464768983906,12.84226937063499,0 77.28430437814461,12.84244709375844,0 77.28390414386121,12.84268731436811,0 77.28338990971662,12.84303562449452,0 77.2831044819863,12.84325793510567,0 77.28283614856946,12.84346318917488,0 77.28265952981349,12.84363946169185,0 77.2825455839116,12.8437531854612,0 77.28240910279789,12.84391783334138,0 77.28230706032264,12.84407654839401,0 77.28214331086514,12.84440489716832,0 77.28203587605492,12.84460311494183,0 77.28188881171934,12.84486931606614,0 77.28180971094946,12.8450221936194,0 77.28169062362343,12.84520360126521,0 77.28128071623212,12.84564682404175,0 77.28093302124199,12.84597677091131,0 77.28079038247023,12.8460963807434,0 77.28068162115994,12.84614805488889,0 77.28054417147638,12.84620561689576,0 77.2797873784848,12.84643202212015,0 77.27917408851346,12.84663463038396,0 77.27896786137774,12.84671533554433,0 77.27847009651782,12.84697894302383,0 77.27763510567564,12.84745967112696,0 77.27611315689671,12.84826200848494,0 77.27579811269283,12.84838874814227,0 77.27541973553241,12.84850476428352,0 77.27523024298137,12.84852895334859,0 77.2750579436692,12.84854735617557,0 77.27485685076311,12.84856037296288,0 77.27459232597511,12.84855139233292,0 77.27436783450804,12.84851951856098,0 77.27377397708744,12.84832738110379,0 77.27263189654485,12.84790325093434,0 77.27158652909509,12.847365543585,0 77.27133782967718,12.84719859523904,0 77.27101344151714,12.84692520583366,0 77.27092640512956,12.8468357709541,0 77.27083336936454,12.8467182061803,0 77.27076927648096,12.84662293649939,0 77.27072232827288,12.84651624632778,0 77.27066398295648,12.84642092718411,0 77.27056489295552,12.84626959286749,0 77.27046605926131,12.84614644150514,0 77.26971209553682,12.8454089191863,0 77.2693876606121,12.84512988923308,0 77.26901083298361,12.84477803397914,0 77.26893524226767,12.84468286592158,0 77.26886545307826,12.84459328085529,0 77.26877816757843,12.84447566302146,0 77.26848227443747,12.84417384065029,0 77.26802380995093,12.84369304599733,0 77.2592142850113,12.83881723572688,0 77.25906323128316,12.83895475465823,0 77.25890814409564,12.83910891914138,0 77.25887115228193,12.8391047894545,0 77.25814062488996,12.83905470531045,0 77.25766302013233,12.8390024439077,0 77.25745563197188,12.83895349560737,0 77.25723684670317,12.83891591923435,0 77.25674144256357,12.83880180695786,0 77.25647072324534,12.83874212974553,0 77.25628073336918,12.83870994031156,0 77.25606219811203,12.83870054419481,0 77.25575749161499,12.83869752607001,0 77.25463159347333,12.83879174624212,0 77.25344795885627,12.83885827448984,0 77.25305713148151,12.83886726411299,0 77.25288458215778,12.8388574704959,0 77.25279261029078,12.83885826279862,0 77.25260281736621,12.83884861487172,0 77.25248190531573,12.83882710578638,0 77.2523723867763,12.83879422567304,0 77.25208977032668,12.83868955088212,0 77.25188198016929,12.83859550787645,0 77.25150663912018,12.83840707562609,0 77.25100428591912,12.83815772779695,0 77.25046059358158,12.83778472498511,0 77.25035072610518,12.83771238801637,0 77.24999518722814,12.83753485644854,0 77.24976090214398,12.8363382823859,0 77.249626090172,12.83562584395759,0 77.24957459858894,12.83511911015887,0 77.24948582561041,12.83438216430551,0 77.24953814906638,12.83387804303732,0 77.24945428009102,12.8333158966114,0 77.24933279157511,12.83272767794006,0 77.249282048228,12.83246604357311,0 77.24926323081348,12.83220413311432,0 77.24927608482352,12.83183576181102,0 77.24937844206153,12.83082046679118,0 77.24948035503439,12.82980517716726,0 77.24954548033969,12.8288308795415,0 77.24961488012269,12.82788365600595,0 77.24969255366847,12.82682792027236,0 77.2498105806938,12.82572665276285,0 77.24976395893964,12.82462229698149,0 77.24949788821704,12.82349273500176,0 77.24922299154787,12.82248976698918,0 77.2488694446692,12.82136999952593,0 77.24838849713149,12.82035977848102,0 77.24787964183207,12.81933172567864,0 77.24732491121574,12.8183266604471,0 77.24676547264852,12.81735778213601,0 77.24628357093013,12.81643793756081,0 77.24585104738799,12.81546796387551,0 77.24552831398057,12.81457385519928,0 77.24525945176237,12.81362054235422,0 77.24511758011226,12.81262547128853,0 77.24500164760804,12.81152625423329,0 77.24493592605222,12.81047179104036,0 77.24502453355541,12.80937984860117,0 77.24517218245029,12.80830095802287,0 77.24537894917921,12.80723963390204,0 77.24552141438181,12.80617434377098,0 77.24556308716677,12.80510541048636,0 77.24564615214825,12.80409034209566,0 77.24582478628491,12.80307896811991,0 77.24611431582309,12.80219315209234,0 77.24661959541805,12.80107956387081,0 77.24700569056023,12.7999489325972,0 77.247274135493,12.79890968233605,0 77.24754454094784,12.79802403628031,0 77.24779552374446,12.79738480356588,0 77.24792440828486,12.79714422502599,0 77.24801371546067,12.79700791028688,0 77.2481124106593,12.79688958468665,0 77.24817997852324,12.79682800540814,0 77.24833851281215,12.79674531094741,0 77.24849711095294,12.79666713288191,0 77.2486949123404,12.79655330209329,0 77.2489066918904,12.7964900536731,0 77.24921619357252,12.79644352095175,0 77.24965468861302,12.79640649496383,0 77.24999465662813,12.79636550206629,0 77.25057417705671,12.7963717478579,0 77.25091682774945,12.79642145518608,0 77.25114897514516,12.79649471306061,0 77.25128547964124,12.79660519027738,0 77.25147623753838,12.79672051933653,0 77.25173208926458,12.79684060670866,0 77.25229149545623,12.79695809953671,0 77.25289398097249,12.79704332558907,0 77.25314379824772,12.79709435222264,0 77.25344296761892,12.79720875048349,0 77.25361185490323,12.79730300123259,0 77.25386789728572,12.79744435127583,0 77.25534075836936,12.79847905906138,0 77.2570537492312,12.79969245584221,0 77.25738639226824,12.79991289046757,0 77.25755533171326,12.80001245351195,0 77.25792563745824,12.80020066542841,0 77.25890023455821,12.80067609202808,0 77.25921553057236,12.80077439692093,0 77.25947072849141,12.80082005370258,0 77.25991031890612,12.80087476036198,0 77.2670097200226,12.80283996878956,0 77.26786558412948,12.80298604297155,0 77.26829438447834,12.80304614466388,0 77.26851720230712,12.80310802161796,0 77.26878927960161,12.80322263391747,0 77.26911637292233,12.80342714964331,0 77.2695146484823,12.80371079581664,0 77.26985881453271,12.80400553962403,0 77.27040021719631,12.80453250007486,0 77.27162582677056,12.80579251681127,0 77.2728133122846,12.80703158743785,0 77.27391436575545,12.80830329895815,0 77.27481994618364,12.80953947646572,0 77.2757189246887,12.81064280162406,0 77.27657487602977,12.81178370765201,0 77.28165716794399,12.81590602184548,0 77.28154378052113,12.81614190682359,0 77.28087127738758,12.81749048969442,0 77.28067569462769,12.81788890554861,0 77.28059037684449,12.81809105785607,0 77.28053584735153,12.81825632357055,0 77.28048148333386,12.81843989678384,0 77.2804455707066,12.81859889602231,0 77.28041924934894,12.81870893347053,0 77.28038558772477,12.81884965578706,0 77.28034449320387,12.81912466667006,0 77.2803113352,12.81958825819163,0 77.28024334285607,12.8206726733053,0 77.28535650310022,12.82364894724117,0 77.28515849576803,12.82403963612035,0 77.28453843300235,12.82500750719078,0 77.28386099438944,12.8259909140495,0 77.28322948954934,12.82696640147827,0 77.28253256622503,12.82791613951827,0 77.28191630759159,12.82878647011955,0 77.28209603800178,12.82917700071806,0 77.28253822475932,12.83033733210226,0 77.28266142558437,12.83094239957211,0 77.28275761437249,12.83157617699902,0 77.28278386108639,12.83193669362356,0 77.28282424694152,12.83259019408223,0 77.28286056516299,12.83279279964802,0 77.28290319033005,12.83305735141568,0 77.28303376469654,12.83351278518694,0 77.28316937706518,12.8338892611805,0 77.28333428934604,12.83432748822304,0 77.28339344675021,12.83451298148896,0 77.2834418221824,12.83477748469323,0 77.28344334743258,12.83494657072771,0 77.28343337754842,12.83511575658696,0 77.28340631784732,12.83530200078678,0 77.28336770815326,12.83548270965935,0 77.28330626017583,12.83568052723462,0 77.2832162263478,12.8358955020758,0 77.28313117386466,12.8360258830881,0 77.28291452898236,12.83622505054569,0 77.28273186228569,12.83636755441916,0 77.28250351632425,12.83654427479848,0 77.28232613943982,12.83663600204989,0 77.28208563464437,12.83673955358756,0 77.28188501208371,12.83680329933287,0 77.28164974583916,12.83685043639855,0 77.28136259500781,12.8368811149715,0 77.28109248722853,12.836889097354,0 77.2808855559237,12.83689089419948,0 77.28062679129346,12.83688186770411,0 77.27971707038654,12.83672066602594,0 77.27892648716772,12.83638369365258,0 77.27809062847979,12.83612602079927,0 77.27772702897926,12.83596570944997,0 77.27765789989223,12.83594939934534,0 77.2775658794618,12.83594456099274,0 77.27745122399483,12.83597937464845,0 77.27738265338678,12.8360250629064,0 77.27733147746579,12.83608751092993,0 77.27728080876238,12.83620632126474,0 77.27725404763623,12.83642638177213,0 77.2772209292026,12.83657885912709,0 77.27715902077227,12.83672594954299,0 77.27708525837801,12.8368336847268,0 77.27696556400963,12.83694745795884,0 77.27685116035281,12.8370104509716,0 77.27678238649798,12.8370335941251,0 77.27668476868718,12.83704571338899,0 77.27656411114486,12.83705239715044,0 77.27640891064277,12.83705374163691,0 77.27600054289081,12.83702909751491,0 77.27585668733633,12.8370134331235,0 77.27572448070026,12.83701457975911,0 77.27560392208341,12.83703253562305,0 77.27548926391847,12.83706734927881,0 77.27536336512725,12.83713044121691,0 77.27520892725028,12.83721633006962,0 77.27507173297414,12.83730206873554,0 77.27496907536261,12.83739314577713,0 77.27488931179238,12.83747274926799,0 77.27483839127876,12.83756337844721,0 77.27479367249003,12.83770468352435,0 77.27477194756739,12.83784578715341,0 77.27476741588362,12.83798110724234,0 77.27477453221894,12.83813323476102,0 77.27479879233044,12.83827394178905,0 77.27485779415196,12.83844253229705,0 77.27493388848819,12.83859406356521,0 77.27502707533932,12.83872853559348,0 77.27515470082886,12.83885707389487,0 77.2753982525274,12.8390917034194,0 77.2756526419559,12.83925296355346,0 77.27590687939903,12.83939731373511,0 77.27752830129015,12.84007092843063,0 77.27796088688547,12.84023063813351,0 77.27829534655308,12.84034610658762,0 77.27872157484086,12.84043823044004,0 77.28022464145408,12.84073519827081,0 77.280541095795,12.84076626984751,0 77.28082285698929,12.84077509579407,0 77.28133424298096,12.84074810713946,0 77.28161559678244,12.84071184197796,0 77.28182787185887,12.84066490276308,0 77.2820284476548,12.84059552006727,0 77.28239505718619,12.84045141719918,0 77.28262386449978,12.84032542128119,0 77.28285267091411,12.84019942716191,0 77.28306428498882,12.84007921748196,0 77.28326414492443,12.83993092557182,0 77.28381123400129,12.83940196053209,0 77.28441559640271,12.83884994856635,0 77.28458687048771,12.83871881662014,0 77.28479807357229,12.83855351493281,0 77.28506065312672,12.8383483103263,0 77.28535207483844,12.83815412871013,0 77.28551230974534,12.83807382105005,0 77.28575835526397,12.83794767404595,0 77.28593593629449,12.83787848920099,0 77.28608518238531,12.83785464367691,0 77.28634933935058,12.83782416025684,0 77.28667128315323,12.83782699312127,0 77.28696489291553,12.83787516710532,0 77.28728744915651,12.83794563348425,0 77.28751798226915,12.83801126690651,0 77.28780045482716,12.83809899037618,0 77.2880138990223,12.83818168123963,0 77.28816981088812,12.83825923697424,0 77.28829698132068,12.83833704002245,0 77.28842440985869,12.83844302512557,0 77.28854049165045,12.83856601910657,0 77.28862203587829,12.83868367740985,0 77.28872133452205,12.83885754783762,0 77.28878609470257,12.839026083487,0 77.28882765687092,12.83917227278221,0 77.28885808093577,12.83935801695895,0 77.28885920239031,12.83948201278469,0 77.2888602734829,12.83960037165986,0 77.28883840376938,12.83972456713514,0 77.28879934081698,12.83985455064703,0 77.28874282741958,12.8399621401407,0 77.28866902095859,12.84006424376986,0 77.28856082532189,12.84017791897583,0 77.28840664824827,12.84029199617873,0 77.2881782015628,12.84045744715354,0 77.28746961403152,12.84092582486699,0 
							</coordinates>
						</LinearRing>
					</outerBoundaryIs>
				</Polygon>
			</MultiGeometry>
		</Placemark>
		<Placemark id="ID_00003">
			<name>CLOSEPET GRANITE</name>
			<snippet></snippet>
			<description><![CDATA[<html xmlns:fo="http://www.w3.org/1999/XSL/Format" xmlns:msxsl="urn:schemas-microsoft-com:xslt">

<head>

<META http-equiv="Content-Type" content="text/html">

<meta http-equiv="content-type" content="text/html; charset=UTF-8">

</head>

<body style="margin:0px 0px 0px 0px;overflow:auto;background:#FFFFFF;">

<table style="font-family:Arial,Verdana,Times;font-size:12px;text-align:left;width:100%;border-collapse:collapse;padding:3px 3px 3px 3px">

<tr style="text-align:center;font-weight:bold;background:#9CBCE2">

<td>CLOSEPET GRANITE</td>

</tr>

<tr>

<td>

<table style="font-family:Arial,Verdana,Times;font-size:12px;text-align:left;width:100%;border-spacing:0px; padding:3px 3px 3px 3px">

<tr>

<td>OBJECTID_1</td>

<td>4</td>

</tr>

<tr bgcolor="#D4E4F3">

<td>INDEX_</td>

<td>CLOSEPET GRANITE</td>

</tr>

<tr>

<td>AGE_CODE</td>

<td>98</td>

</tr>

<tr bgcolor="#D4E4F3">

<td>AGE</td>

<td>ARCHAEAN- PALAEOPROTEROZOIC</td>

</tr>

<tr>

<td>SUPERGROUP</td>

<td></td>

</tr>

<tr bgcolor="#D4E4F3">

<td>GROUP_</td>

<td></td>

</tr>

<tr>

<td>GEOM_ID</td>

<td>985</td>

</tr>

<tr bgcolor="#D4E4F3">

<td>STRATIGRAP</td>

<td>985,CLOSEPET GRANITE,ARCHAEAN- PALAEOPROTEROZOIC</td>

</tr>

</table>

</td>

</tr>

</table>

</body><script type="text/javascript">

				function changeImage(attElement, nameElement) {

				document.getElementById('imageAttachment').src = attElement;

				document.getElementById('imageName').innerHTML = nameElement;}

			</script></html>]]></description>
			<styleUrl>#PolyStyle0038</styleUrl>
			<MultiGeometry>
				<Polygon>
					<outerBoundaryIs>
						<LinearRing>
							<coordinates>
								77.37976774338671,12.78473218863962,0 77.38196159005537,12.7869347011756,0 77.38205190267325,12.78454681498357,0 77.38189289084431,12.78257241998125,0 77.38185688109024,12.78171674203406,0 77.38178551628863,12.78030146993694,0 77.38173728474794,12.77887459208881,0 77.38164951091625,12.77756772517046,0 77.38183435936827,12.77430291454795,0 77.38226150766252,12.77220051544151,0 77.38261372714186,12.77073013738595,0 77.383012201452,12.7692365487278,0 77.38338743728048,12.76774317051098,0 77.38357589920844,12.76680832254613,0 77.38403776852823,12.76336989330599,0 77.38418027689829,12.76059944900544,0 77.38417515525924,12.75867237183252,0 77.38414806498128,12.75736547613587,0 77.38453629871128,12.75363353066297,0 77.38442589793692,12.75130838927078,0 77.38462618055382,12.74865445753721,0 77.38498622323567,12.7473120530089,0 77.38546835068388,12.74595141382673,0 77.38571323607704,12.74519063683846,0 77.3871870351536,12.74172998624994,0 77.38732152157104,12.74075493049571,0 77.38766005067083,12.7408931904684,0 77.38766237361972,12.74088908056666,0 77.38804160513604,12.74035456311265,0 77.38837600544832,12.74000604794082,0 77.3885609510271,12.73986161142426,0 77.38924267490955,12.73930151904989,0 77.39000138165852,12.73888064082894,0 77.39026256456577,12.73879547593054,0 77.39067491271709,12.7386889575294,0 77.39109938462894,12.73863372476666,0 77.39150687284399,12.73863004204287,0 77.39165259269305,12.73864871106923,0 77.39188031902154,12.73872089065662,0 77.39231868455971,12.73890537937979,0 77.39288031207678,12.73919725255121,0 77.39328436757955,12.73944772093563,0 77.39392996389677,12.74000152435093,0 77.39447681555265,12.74057905997569,0 77.3947243413553,12.74089947043427,0 77.39487191200919,12.74111513955211,0 77.39501371710941,12.74133657062629,0 77.39532275833869,12.74200762764997,0 77.39576963865795,12.74309716889928,0 77.39627133265594,12.74444319140019,0 77.39653856440327,12.74562001725002,0 77.39676676827179,12.7469799378739,0 77.39684426285248,12.74840975020987,0 77.39681131259204,12.74985769737486,0 77.39680715232828,12.75002871065652,0 77.3966135435802,12.75124458417025,0 77.39613527242494,12.75221799956108,0 77.39574295127625,12.75316121391893,0 77.39544280344268,12.7539380950671,0 77.39525470753875,12.75427079656004,0 77.39520387965536,12.75444778673602,0 77.39515685410561,12.75463026097782,0 77.39503464523273,12.7555894149196,0 77.39499401656064,12.75645220830285,0 77.39497102898986,12.75719715542442,0 77.3949987541892,12.75815127226343,0 77.39500002762924,12.75908356435508,0 77.39497863275773,12.75999767035626,0 77.39494588664343,12.76090084779594,0 77.3948981452333,12.76180416013392,0 77.39478305539376,12.76272279512096,0 77.39474277565864,12.76362236178261,0 77.39465389476152,12.76453708292007,0 77.3945614390592,12.76547022307238,0 77.39442760015368,12.76638902893058,0 77.39429393391799,12.76732621962935,0 77.3941265574947,12.76826739522414,0 77.39395921524562,12.7692122481468,0 77.39375812683613,12.7701574068389,0 77.39354933213605,12.77108056901312,0 77.39334438923225,12.77201473169458,0 77.39311681039254,12.77293438651276,0 77.39287808445607,12.77386517583727,0 77.39264297109628,12.77478122257543,0 77.39240785503853,12.77569726841426,0 77.39218016648158,12.77660589394691,0 77.39192296577232,12.77756627186602,0 77.39166208413792,12.77853404041366,0 77.39139766007401,12.77952390710266,0 77.39111768043665,12.78045506964583,0 77.39084898369367,12.78138981059135,0 77.3906252827307,12.78232414324464,0 77.39039411469668,12.78326221887636,0 77.39020412212261,12.78419256753301,0 77.39001058532034,12.7851450134317,0 77.38982822799039,12.78609000305124,0 77.38965344025411,12.78704227987737,0 77.38945983240541,12.78798737201964,0 77.38922494387612,12.78892915915344,0 77.38898619905387,12.78985995117586,0 77.38875859952981,12.79077960689341,0 77.38854221275295,12.79169548276036,0 77.38820094791549,12.79287291565259,0 77.38783220878946,12.79422464525123,0 77.38741895322215,12.79555247176921,0 77.38425258239084,12.79933033752508,0 77.38417639182705,12.79929098948764,0 77.38405878928177,12.79918910259505,0 77.38381713245474,12.79891960995207,0 77.38339369836052,12.79854594883653,0 77.38314040880289,12.79827942215763,0 77.38299883392909,12.7981091130452,0 77.3829100690445,12.7979726463206,0 77.38269601780701,12.79753703270796,0 77.38233276184752,12.7967395750714,0 77.38212986580072,12.79624952459591,0 77.38204962828775,12.79598378932047,0 77.38176047556556,12.79444729940337,0 77.38173582694691,12.79431631224804,0 77.38170128938305,12.79375753378321,0 77.38172136674774,12.79325571837677,0 77.38175707073231,12.79273829253822,0 77.38178353508215,12.79219664076243,0 77.3818122513344,12.79165497010086,0 77.38185667964211,12.79110652754429,0 77.37976774338671,12.78473218863962,0 
							</coordinates>
						</LinearRing>
					</outerBoundaryIs>
				</Polygon>
			</MultiGeometry>
		</Placemark>
		<Placemark id="ID_00004">
			<name>CLOSEPET GRANITE</name>
			<snippet></snippet>
			<description><![CDATA[<html xmlns:fo="http://www.w3.org/1999/XSL/Format" xmlns:msxsl="urn:schemas-microsoft-com:xslt">

<head>

<META http-equiv="Content-Type" content="text/html">

<meta http-equiv="content-type" content="text/html; charset=UTF-8">

</head>

<body style="margin:0px 0px 0px 0px;overflow:auto;background:#FFFFFF;">

<table style="font-family:Arial,Verdana,Times;font-size:12px;text-align:left;width:100%;border-collapse:collapse;padding:3px 3px 3px 3px">

<tr style="text-align:center;font-weight:bold;background:#9CBCE2">

<td>CLOSEPET GRANITE</td>

</tr>

<tr>

<td>

<table style="font-family:Arial,Verdana,Times;font-size:12px;text-align:left;width:100%;border-spacing:0px; padding:3px 3px 3px 3px">

<tr>

<td>OBJECTID_1</td>

<td>5</td>

</tr>

<tr bgcolor="#D4E4F3">

<td>INDEX_</td>

<td>CLOSEPET GRANITE</td>

</tr>

<tr>

<td>AGE_CODE</td>

<td>98</td>

</tr>

<tr bgcolor="#D4E4F3">

<td>AGE</td>

<td>ARCHAEAN- PALAEOPROTEROZOIC</td>

</tr>

<tr>

<td>SUPERGROUP</td>

<td></td>

</tr>

<tr bgcolor="#D4E4F3">

<td>GROUP_</td>

<td></td>

</tr>

<tr>

<td>GEOM_ID</td>

<td>985</td>

</tr>

<tr bgcolor="#D4E4F3">

<td>STRATIGRAP</td>

<td>985,CLOSEPET GRANITE,ARCHAEAN- PALAEOPROTEROZOIC</td>

</tr>

</table>

</td>

</tr>

</table>

</body><script type="text/javascript">

				function changeImage(attElement, nameElement) {

				document.getElementById('imageAttachment').src = attElement;

				document.getElementById('imageName').innerHTML = nameElement;}

			</script></html>]]></description>
			<styleUrl>#PolyStyle0038</styleUrl>
			<MultiGeometry>
				<Polygon>
					<outerBoundaryIs>
						<LinearRing>
							<coordinates>
								77.59704330400535,12.99243054773166,0 77.59222996514086,13.00003079118812,0 77.59331541987081,13.00432140540858,0 77.59533652386153,13.01618065461355,0 77.59640117547394,13.02279622586519,0 77.59839720996331,13.03301110877572,0 77.6015537341176,13.04300558763782,0 77.60455635009555,13.0633669051586,0 77.60940254029504,13.0882010737206,0 77.62192525174902,13.1157070579344,0 77.60272816956945,13.11561555641282,0 77.59728924700119,13.09689836057095,0 77.59184670556107,13.07260375555893,0 77.58234153253574,13.05535360668364,0 77.57546309034939,13.03853813792477,0 77.57343317300257,13.02050539630704,0 77.56890634465213,12.99710830030784,0 77.55505006450892,12.97371567483856,0 77.54876293016514,12.96099361876054,0 77.54572559136301,12.9451538056037,0 77.54240613253705,12.92358593244489,0 77.54554435548766,12.91398951420479,0 77.55647243675361,12.91044438579979,0 77.55404035607762,12.89950992114598,0 77.54564544917821,12.89100505054267,0 77.54898714014445,12.87679471090723,0 77.54706731330594,12.86464669299056,0 77.54787543060667,12.85569014238621,0 77.55373760110945,12.85375695432003,0 77.5611339862445,12.85626631014213,0 77.57696756709959,12.87145150408372,0 77.58524852449989,12.8860048109733,0 77.59253944164197,12.90030300717808,0 77.59827091906772,12.91144256042588,0 77.5996390540991,12.92641630037201,0 77.5991259719861,12.93252460452692,0 77.5991305342468,12.93253223167721,0 77.59827890234953,12.94260737523024,0 77.59950692840209,12.95268953799183,0 77.60126614171912,12.96197291122093,0 77.60171926063543,12.97053849865284,0 77.60176955252291,12.97148921605452,0 77.60210890720037,12.98250587514605,0 77.59704330400535,12.99243054773166,0 
							</coordinates>
						</LinearRing>
					</outerBoundaryIs>
				</Polygon>
			</MultiGeometry>
		</Placemark>
		<Placemark id="ID_00005">
			<name>PENINSULAR GNEISSIC COMPLEX-I</name>
			<snippet></snippet>
			<description><![CDATA[<html xmlns:fo="http://www.w3.org/1999/XSL/Format" xmlns:msxsl="urn:schemas-microsoft-com:xslt">

<head>

<META http-equiv="Content-Type" content="text/html">

<meta http-equiv="content-type" content="text/html; charset=UTF-8">

</head>

<body style="margin:0px 0px 0px 0px;overflow:auto;background:#FFFFFF;">

<table style="font-family:Arial,Verdana,Times;font-size:12px;text-align:left;width:100%;border-collapse:collapse;padding:3px 3px 3px 3px">

<tr style="text-align:center;font-weight:bold;background:#9CBCE2">

<td>PENINSULAR GNEISSIC COMPLEX-I</td>

</tr>

<tr>

<td>

<table style="font-family:Arial,Verdana,Times;font-size:12px;text-align:left;width:100%;border-spacing:0px; padding:3px 3px 3px 3px">

<tr>

<td>OBJECTID_1</td>

<td>6</td>

</tr>

<tr bgcolor="#D4E4F3">

<td>INDEX_</td>

<td>PENINSULAR GNEISSIC COMPLEX-I</td>

</tr>

<tr>

<td>AGE_CODE</td>

<td>99</td>

</tr>

<tr bgcolor="#D4E4F3">

<td>AGE</td>

<td>ARCHAEAN</td>

</tr>

<tr>

<td>SUPERGROUP</td>

<td>PENINSULAR GNEISSIC COMPLEX</td>

</tr>

<tr bgcolor="#D4E4F3">

<td>GROUP_</td>

<td>PENINSULAR GNEISSIC COMPLEX-I</td>

</tr>

<tr>

<td>GEOM_ID</td>

<td>996</td>

</tr>

<tr bgcolor="#D4E4F3">

<td>STRATIGRAP</td>

<td>996,PENINSULAR GNEISSIC COMPLEX-I,ARCHAEAN</td>

</tr>

</table>

</td>

</tr>

</table>

</body><script type="text/javascript">

				function changeImage(attElement, nameElement) {

				document.getElementById('imageAttachment').src = attElement;

				document.getElementById('imageName').innerHTML = nameElement;}

			</script></html>]]></description>
			<styleUrl>#PolyStyle05</styleUrl>
			<MultiGeometry>
				<Polygon>
					<outerBoundaryIs>
						<LinearRing>
							<coordinates>
								77.63146504597518,12.96607724616803,0 77.63030200943024,12.96565154758093,0 77.63114446284675,12.96550745730337,0 77.62899116481049,12.94018355392791,0 77.63083971498094,12.92791082432512,0 77.63245540279468,12.91057131701274,0 77.63101859193455,12.90207845145943,0 77.62602694808527,12.89304824008428,0 77.62197630985889,12.87942413071909,0 77.62197816066362,12.86664094862095,0 77.62858485111002,12.85828778105628,0 77.63455017205285,12.8573903997472,0 77.65140890989335,12.8629066640114,0 77.66089778540453,12.87665119169918,0 77.66836948066708,12.89495582445181,0 77.67062741212544,12.92142377248916,0 77.66662204397221,12.94619263498214,0 77.66006377032681,12.95489904725326,0 77.65091152634591,12.96059038793612,0 77.64303040393003,12.9638784460335,0 77.64223899153626,12.96477031180052,0 77.64124861673031,12.96463439815898,0 77.63146504597518,12.96607724616803,0 
							</coordinates>
						</LinearRing>
					</outerBoundaryIs>
				</Polygon>
			</MultiGeometry>
		</Placemark>
		<Placemark id="ID_00006">
			<name>CLOSEPET GRANITE</name>
			<snippet></snippet>
			<description><![CDATA[<html xmlns:fo="http://www.w3.org/1999/XSL/Format" xmlns:msxsl="urn:schemas-microsoft-com:xslt">

<head>

<META http-equiv="Content-Type" content="text/html">

<meta http-equiv="content-type" content="text/html; charset=UTF-8">

</head>

<body style="margin:0px 0px 0px 0px;overflow:auto;background:#FFFFFF;">

<table style="font-family:Arial,Verdana,Times;font-size:12px;text-align:left;width:100%;border-collapse:collapse;padding:3px 3px 3px 3px">

<tr style="text-align:center;font-weight:bold;background:#9CBCE2">

<td>CLOSEPET GRANITE</td>

</tr>

<tr>

<td>

<table style="font-family:Arial,Verdana,Times;font-size:12px;text-align:left;width:100%;border-spacing:0px; padding:3px 3px 3px 3px">

<tr>

<td>OBJECTID_1</td>

<td>7</td>

</tr>

<tr bgcolor="#D4E4F3">

<td>INDEX_</td>

<td>CLOSEPET GRANITE</td>

</tr>

<tr>

<td>AGE_CODE</td>

<td>98</td>

</tr>

<tr bgcolor="#D4E4F3">

<td>AGE</td>

<td>ARCHAEAN- PALAEOPROTEROZOIC</td>

</tr>

<tr>

<td>SUPERGROUP</td>

<td></td>

</tr>

<tr bgcolor="#D4E4F3">

<td>GROUP_</td>

<td></td>

</tr>

<tr>

<td>GEOM_ID</td>

<td>985</td>

</tr>

<tr bgcolor="#D4E4F3">

<td>STRATIGRAP</td>

<td>985,CLOSEPET GRANITE,ARCHAEAN- PALAEOPROTEROZOIC</td>

</tr>

</table>

</td>

</tr>

</table>

</body><script type="text/javascript">

				function changeImage(attElement, nameElement) {

				document.getElementById('imageAttachment').src = attElement;

				document.getElementById('imageName').innerHTML = nameElement;}

			</script></html>]]></description>
			<styleUrl>#PolyStyle0038</styleUrl>
			<MultiGeometry>
				<Polygon>
					<outerBoundaryIs>
						<LinearRing>
							<coordinates>
								77.35733758855895,12.75753534458056,0 77.35687463555604,12.75919117273446,0 77.35642508604894,12.76085991245503,0 77.3559889957956,12.76254807663247,0 77.35548019805276,12.76427598364978,0 77.35482489805065,12.76596610565133,0 77.35419610286789,12.76764947374426,0 77.35402184573167,12.76814342008282,0 77.35733758855895,12.75753534458056,0 
							</coordinates>
						</LinearRing>
					</outerBoundaryIs>
				</Polygon>
			</MultiGeometry>
		</Placemark>
		<Placemark id="ID_00007">
			<name>GRANITOID (PENINSULAR GNEISSIC COMPLEX-II )</name>
			<snippet></snippet>
			<description><![CDATA[<html xmlns:fo="http://www.w3.org/1999/XSL/Format" xmlns:msxsl="urn:schemas-microsoft-com:xslt">

<head>

<META http-equiv="Content-Type" content="text/html">

<meta http-equiv="content-type" content="text/html; charset=UTF-8">

</head>

<body style="margin:0px 0px 0px 0px;overflow:auto;background:#FFFFFF;">

<table style="font-family:Arial,Verdana,Times;font-size:12px;text-align:left;width:100%;border-collapse:collapse;padding:3px 3px 3px 3px">

<tr style="text-align:center;font-weight:bold;background:#9CBCE2">

<td>GRANITOID (PENINSULAR GNEISSIC COMPLEX-II )</td>

</tr>

<tr>

<td>

<table style="font-family:Arial,Verdana,Times;font-size:12px;text-align:left;width:100%;border-spacing:0px; padding:3px 3px 3px 3px">

<tr>

<td>OBJECTID_1</td>

<td>8</td>

</tr>

<tr bgcolor="#D4E4F3">

<td>INDEX_</td>

<td>GRANITOID (PENINSULAR GNEISSIC COMPLEX-II )</td>

</tr>

<tr>

<td>AGE_CODE</td>

<td>98</td>

</tr>

<tr bgcolor="#D4E4F3">

<td>AGE</td>

<td>ARCHAEAN- PALAEOPROTEROZOIC</td>

</tr>

<tr>

<td>SUPERGROUP</td>

<td>PENINSULAR GNEISSIC COMPLEX</td>

</tr>

<tr bgcolor="#D4E4F3">

<td>GROUP_</td>

<td>PENINSULAR GNEISSIC COMPLEX-II</td>

</tr>

<tr>

<td>GEOM_ID</td>

<td>987</td>

</tr>

<tr bgcolor="#D4E4F3">

<td>STRATIGRAP</td>

<td>987,GRANITOID (PENINSULAR GNEISSIC COMPLEX-II ),ARCHAEAN- PALAEOPROTEROZOIC</td>

</tr>

</table>

</td>

</tr>

</table>

</body><script type="text/javascript">

				function changeImage(attElement, nameElement) {

				document.getElementById('imageAttachment').src = attElement;

				document.getElementById('imageName').innerHTML = nameElement;}

			</script></html>]]></description>
			<styleUrl>#PolyStyle0038</styleUrl>
			<MultiGeometry>
				<Polygon>
					<outerBoundaryIs>
						<LinearRing>
							<coordinates>
								77.48917651788207,12.7073789471807,0 77.48927510246409,12.70739913516201,0 77.48945406125597,12.70746381350426,0 77.49053644480114,12.70810668037905,0 77.49168728833774,12.70883335417602,0 77.49199721000332,12.70908531903228,0 77.49217719941828,12.70925555709834,0 77.49233265173058,12.70943205714377,0 77.49290177689556,12.71009481702225,0 77.49329510528491,12.71070192145658,0 77.49342692341384,12.71097667243555,0 77.49360332813114,12.71140936145292,0 77.4939602969302,12.71207109970152,0 77.49409586882933,12.7124151902089,0 77.49418770399939,12.71268880984076,0 77.49434552152866,12.71342179418053,0 77.49450960553395,12.71416678626821,0 77.49472314505715,12.71493845764377,0 77.49493668997633,12.71571012991859,0 77.49515945744304,12.71648171226127,0 77.49530699572131,12.717106206886,0 77.49550490592674,12.71785087791574,0 77.49569060873466,12.71860471213779,0 77.4958609987861,12.71936472290366,0 77.49602825739822,12.72011873069494,0 77.49615256259074,12.72088219126016,0 77.49627072001778,12.7216457084827,0 77.49641977005638,12.72242401865361,0 77.49655037769782,12.72320250149431,0 77.49669301826822,12.72395372408516,0 77.49683565703998,12.72470494397805,0 77.4969782985097,12.72545616477026,0 77.49706217198172,12.72617174542978,0 77.49714604365505,12.72688732518998,0 77.49718382957013,12.72760635654816,0 77.49720012258763,12.72832860568064,0 77.49722570020595,12.72905680113053,0 77.49725438048534,12.72978798232958,0 77.49731079225933,12.73052493357886,0 77.49736415982818,12.73126493083197,0 77.49737761998125,12.73201133935186,0 77.49736024417996,12.73274898667643,0 77.49741042095422,12.73347694830255,0 77.49746994168453,12.73421688709971,0 77.4975263867334,12.73495685377583,0 77.49756429675494,12.735687945942,0 77.49760525098162,12.73641599570169,0 77.49763698445935,12.73714413089698,0 77.4976286585358,12.73786359662773,0 77.49762645339814,12.73857998847575,0 77.49765186104463,12.73929008596872,0 77.49768658117085,12.74000914160865,0 77.49774306219263,12.74075212551026,0 77.49779954411372,12.74149510851248,0 77.49779716270893,12.74219340240364,0 77.49777012279299,12.74288589836556,0 77.49776768473095,12.74357816140309,0 77.49774685643234,12.744276630662,0 77.49771071177997,12.74498127646478,0 77.49761316141831,12.74569555220802,0 77.49754316628417,12.7463974991453,0 77.49751935403503,12.74710504526166,0 77.49755703562874,12.74781200951668,0 77.49761949354485,12.74822314538193,0 77.49765803129316,12.74839018635805,0 77.49776529703087,12.74866667122996,0 77.49796735041292,12.74920166082802,0 77.49814902066083,12.74985297143752,0 77.49819348314281,12.75000086135071,0 77.49791156456712,12.75080560799245,0 77.49708588080881,12.75223971189325,0 77.49632846009041,12.75370950718803,0 77.49566975705369,12.75517231475055,0 77.49504922304328,12.75674983263872,0 77.49449018557368,12.7583025454262,0 77.49394349489643,12.7598551422011,0 77.49335333998471,12.76138391953231,0 77.49268872930145,12.76287706302611,0 77.49198095295867,12.76437666904809,0 77.49128628873132,12.76595488391081,0 77.49106916990632,12.76648384895054,0 77.49059802857619,12.76755726625487,0 77.49033762717983,12.76808058355215,0 77.48976074446284,12.76907626345883,0 77.4894198942128,12.76958216808265,0 77.4890479292186,12.77006413994815,0 77.48856574241512,12.77064102716173,0 77.48706015859949,12.77202096489566,0 77.48557878093607,12.77335221423334,0 77.48525460591537,12.77367020821356,0 77.48489860658549,12.77389159612034,0 77.48463433900361,12.77402127116477,0 77.484160872926,12.77422862245299,0 77.48357593767946,12.77440371326082,0 77.48288611720062,12.77458887287821,0 77.48244836410078,12.7746596135504,0 77.48207806105376,12.77468126742662,0 77.48147249895669,12.77464153987523,0 77.48081703527799,12.77455079918008,0 77.48050741578464,12.77446286347043,0 77.48017288956726,12.77435396186587,0 77.4793110620559,12.77399866850379,0 77.47896997708284,12.77385046112994,0 77.47880849121896,12.77375507453712,0 77.47867781972565,12.77365333873064,0 77.4781979109049,12.77320057954319,0 77.47749967816765,12.77252274612789,0 77.47724968282665,12.77221620951053,0 77.47705537890266,12.77192126245637,0 77.47687306563955,12.77158986408102,0 77.4766719673375,12.77123138532022,0 77.47620463463625,12.7701667894658,0 77.47579763655176,12.76895626781754,0 77.47543933315876,12.7676726097032,0 77.47522938552777,12.76703863892209,0 77.47516551657537,12.76682120173712,0 77.4751199955914,12.7665854219797,0 77.47507309234936,12.7662073263071,0 77.47499029356726,12.76467882057113,0 77.47490132723453,12.76315037239181,0 77.47479413164393,12.76165237615629,0 77.47474256811506,12.76015991524793,0 77.47468506546346,12.75869173693417,0 77.47476257713129,12.75713750159446,0 77.47473571707974,12.75564480776171,0 77.47472132432972,12.75416411088509,0 77.47469470259853,12.7526956438889,0 77.47471800583133,12.7512812180538,0 77.47439676619786,12.75001088879151,0 77.47448841161099,12.74959489029203,0 77.4745248008789,12.74940221773818,0 77.47454670476668,12.7491956101893,0 77.47455854524071,12.74893749576887,0 77.47449553244292,12.74835874875731,0 77.47441364467403,12.74780597956237,0 77.47428286436275,12.74665087503791,0 77.47425237284881,12.74548075902987,0 77.47421709784084,12.74431068708861,0 77.47421999095985,12.74313087728819,0 77.47427106705618,12.74198814293851,0 77.47429741269548,12.74084701657659,0 77.47437078838124,12.73990377703774,0 77.47446777756596,12.73896417165923,0 77.47452902769254,12.73798634779178,0 77.47466508882286,12.73702324762485,0 77.47483266399632,12.73606756236813,0 77.47499608340257,12.73508878342068,0 77.47515572115964,12.73412546291985,0 77.47532321899143,12.73316206687593,0 77.47547843927862,12.73214867032493,0 77.47564593621104,12.73118527428102,0 77.47581713745097,12.73019871619783,0 77.47601206280649,12.72922735395929,0 77.47627427723614,12.72830547781558,0 77.47653203732369,12.72732967472479,0 77.47678964542587,12.72633845095879,0 77.47710275249011,12.72539682390436,0 77.47741155270103,12.72441668698059,0 77.47764965990393,12.72344106735142,0 77.47791923798252,12.72246900813826,0 77.47813714821086,12.72149175264229,0 77.47833613040814,12.72076747643791,0 77.47856603129736,12.72006101040733,0 77.47883021973888,12.71940248453706,0 77.4790597698925,12.71865982619005,0 77.47929569713875,12.71794123729831,0 77.47958670426306,12.71719498705903,0 77.47991144225932,12.71643937217931,0 77.48027011257568,12.7156955042442,0 77.48062567843238,12.71494864876121,0 77.48098124338975,12.7142017950768,0 77.48141398726574,12.71348739522716,0 77.4818863453786,12.71273643074176,0 77.48236795391801,12.71198839444889,0 77.48293576067687,12.7112516158694,0 77.48345791784868,12.71056352478689,0 77.48399204589623,12.70984214170153,0 77.48461837423866,12.70911687714221,0 77.48531265895213,12.70842415455115,0 77.48616071334629,12.70773602389841,0 77.48634114612707,12.70763630167403,0 77.48643615680328,12.70760524808378,0 77.48651582504533,12.70757735381187,0 77.48662922505872,12.70754009310087,0 77.48697568707837,12.70744032231306,0 77.48779889230508,12.70735869804554,0 77.48874893521526,12.70735732208277,0 77.48917651788207,12.7073789471807,0 
							</coordinates>
						</LinearRing>
					</outerBoundaryIs>
				</Polygon>
			</MultiGeometry>
		</Placemark>
		<Placemark id="ID_00008">
			<name>PENINSULAR GNEISSIC COMPLEX-I</name>
			<snippet></snippet>
			<description><![CDATA[<html xmlns:fo="http://www.w3.org/1999/XSL/Format" xmlns:msxsl="urn:schemas-microsoft-com:xslt">

<head>

<META http-equiv="Content-Type" content="text/html">

<meta http-equiv="content-type" content="text/html; charset=UTF-8">

</head>

<body style="margin:0px 0px 0px 0px;overflow:auto;background:#FFFFFF;">

<table style="font-family:Arial,Verdana,Times;font-size:12px;text-align:left;width:100%;border-collapse:collapse;padding:3px 3px 3px 3px">

<tr style="text-align:center;font-weight:bold;background:#9CBCE2">

<td>PENINSULAR GNEISSIC COMPLEX-I</td>

</tr>

<tr>

<td>

<table style="font-family:Arial,Verdana,Times;font-size:12px;text-align:left;width:100%;border-spacing:0px; padding:3px 3px 3px 3px">

<tr>

<td>OBJECTID_1</td>

<td>9</td>

</tr>

<tr bgcolor="#D4E4F3">

<td>INDEX_</td>

<td>PENINSULAR GNEISSIC COMPLEX-I</td>

</tr>

<tr>

<td>AGE_CODE</td>

<td>99</td>

</tr>

<tr bgcolor="#D4E4F3">

<td>AGE</td>

<td>ARCHAEAN</td>

</tr>

<tr>

<td>SUPERGROUP</td>

<td>PENINSULAR GNEISSIC COMPLEX</td>

</tr>

<tr bgcolor="#D4E4F3">

<td>GROUP_</td>

<td>PENINSULAR GNEISSIC COMPLEX-I</td>

</tr>

<tr>

<td>GEOM_ID</td>

<td>996</td>

</tr>

<tr bgcolor="#D4E4F3">

<td>STRATIGRAP</td>

<td>996,PENINSULAR GNEISSIC COMPLEX-I,ARCHAEAN</td>

</tr>

</table>

</td>

</tr>

</table>

</body><script type="text/javascript">

				function changeImage(attElement, nameElement) {

				document.getElementById('imageAttachment').src = attElement;

				document.getElementById('imageName').innerHTML = nameElement;}

			</script></html>]]></description>
			<styleUrl>#PolyStyle05</styleUrl>
			<MultiGeometry>
				<Polygon>
					<outerBoundaryIs>
						<LinearRing>
							<coordinates>
								77.19464011125217,12.87238461635701,0 77.19253863754813,12.87625908099182,0 77.19366460943422,12.64003011759593,0 77.24675033256187,12.64028314724948,0 77.24883801156506,12.65105717105166,0 77.25829005264387,12.6607036230738,0 77.26332690181511,12.6774529520921,0 77.26921304914293,12.68371554303792,0 77.26600266189337,12.6925560469241,0 77.25648103846919,12.69731024187422,0 77.24949278546376,12.69962086461123,0 77.24528789641931,12.70548888070732,0 77.24967760513744,12.72016686061215,0 77.23774979611625,12.77145257627541,0 77.23776104663506,12.77153103403003,0 77.2379667782443,12.77250884350838,0 77.23818415427536,12.7736113116128,0 77.23845937020383,12.77455156000656,0 77.23874523140734,12.77556564813619,0 77.2390366027571,12.77663051198857,0 77.23928612145738,12.77771883915318,0 77.23948944198423,12.77884914577152,0 77.2397207943792,12.77998383298757,0 77.23992874101862,12.78112796128642,0 77.24007174131788,12.78231423181637,0 77.24013057856342,12.78351508575264,0 77.24011906274461,12.78471654313398,0 77.24013051111427,12.78590394411179,0 77.24019961591961,12.78701353484678,0 77.24020183994304,12.78704924332794,0 77.24029165343711,12.78819438606212,0 77.24040896550139,12.78932081120649,0 77.24043772671979,12.79048034039545,0 77.2403259023186,12.79163645755654,0 77.24018908845574,12.79256400842229,0 77.24047360337414,12.79225815888697,0 77.24085334930271,12.79191665393046,0 77.24102733034709,12.79178708410672,0 77.24115244403015,12.7917170476037,0 77.24123822496415,12.791680187091,0 77.24131098551362,12.79165985881548,0 77.24137410083415,12.79165931652426,0 77.24142735688707,12.79166542741757,0 77.24146427135912,12.79168809662843,0 77.24149464775985,12.79171739114474,0 77.24151163145666,12.79174023392471,0 77.24152561231722,12.79178280333377,0 77.24152957562944,12.79182217655227,0 77.2415270521318,12.79187145760176,0 77.24151461900453,12.79192410661227,0 77.24144726068261,12.79207246237428,0 77.24133397758106,12.79225733600731,0 77.24095307332573,12.79274006330331,0 77.24079626843309,12.79290560690828,0 77.24066207969128,12.79303154706827,0 77.24028501014516,12.79334347781929,0 77.23978386113635,12.79368952345277,0 77.23935212270237,12.79503662154292,0 77.23898444207839,12.79642346427153,0 77.23848490825196,12.79796072041097,0 77.2379246881739,12.79936644710392,0 77.23769283035989,12.79980478925967,0 77.23747145594297,12.80016840314931,0 77.23720501380041,12.80063575113905,0 77.23639477499893,12.80170488317384,0 77.2355045109245,12.8029182430825,0 77.23463126202319,12.80416016635866,0 77.23416918945657,12.80486459992142,0 77.23409539288815,12.80500877293656,0 77.23401088629345,12.80522767781514,0 77.23376517802063,12.80654460634855,0 77.23337983920828,12.80793163613617,0 77.23279568547258,12.80930889658833,0 77.23210598730151,12.81068706895314,0 77.23136814572342,12.81204269531418,0 77.23054738755195,12.81341052547543,0 77.22960270729914,12.81480239451497,0 77.22856856968377,12.81620652491125,0 77.22776370073427,12.81725844662009,0 77.22757274858355,12.81757014624532,0 77.22674371395129,12.81885195805148,0 77.2258893526116,12.82015696337322,0 77.22507967318842,12.82149030723195,0 77.22424540090458,12.82284109703903,0 77.22383020280165,12.82343034543413,0 77.22352018311,12.82384642846995,0 77.22322757249452,12.82415326546089,0 77.22298756142686,12.82435629280872,0 77.22266553668521,12.82460021952454,0 77.22229653945379,12.82478712832335,0 77.22200362666609,12.82489873778655,0 77.22166373329469,12.82494759255741,0 77.22137066942093,12.82496158780708,0 77.22107183100024,12.8249698903482,0 77.22036825089413,12.82492999102629,0 77.21996356406726,12.82485306931375,0 77.21963491941608,12.82475253140427,0 77.21941193791065,12.82466257132069,0 77.21931408267881,12.82460908054469,0 77.19464011125217,12.87238461635701,0 
							</coordinates>
						</LinearRing>
					</outerBoundaryIs>
				</Polygon>
			</MultiGeometry>
		</Placemark>
		<atom:link rel="app" href="https://www.google.com/earth/about/versions/#earth-pro" title="Google Earth Pro 7.3.7.1155"></atom:link>
	</Folder>
</Document>
</kml>
